{"type": "FeatureCollection", "features": [{"type": "Feature", "properties": {"id": 1, "thana_id": 1, "name_en": "Adabor, Ward No-43", "name_bn": "ওয়ার্ড ৪৩", "name_bn_verified": false, "division": "Dhaka", "district": "Dhaka", "upazila": "Adabor", "population": null, "source": "geoBoundaries gbOpen BGD ADM4", "source_id": "29066614B38317270577116"}, "geometry": {"type": "Polygon", "coordinates": [[[90.34415995600006, 23.768590334000066], [90.34553736100008, 23.76846617800004], [90.34590931300005, 23.769736945000034], [90.349763, 23.768025072000057], [90.34857832100005, 23.76678860100003], [90.35125472600004, 23.764576], [90.35864476200004, 23.765689457000065], [90.35864324000005, 23.769458317000044], [90.36225552500008, 23.773791064000022], [90.36556917300004, 23.774932979000027], [90.36203281400003, 23.777422371000057], [90.35766123900004, 23.77656465000007], [90.35414135500008, 23.775951286000065], [90.35089336100003, 23.77827271800004], [90.34864411500007, 23.77536595600003], [90.34231044500007, 23.772055030000047], [90.34415995600006, 23.768590334000066]]]}}, {"type": "Feature", "properties": {"id": 2, "thana_id": 1, "name_en": "Adabor, Ward No-46", "name_bn": "ওয়ার্ড ৪৬", "name_bn_verified": false, "division": "Dhaka", "district": "Dhaka", "upazila": "Adabor", "population": null, "source": "geoBoundaries gbOpen BGD ADM4", "source_id": "29066614B40355742533069"}, "geometry": {"type": "Polygon", "coordinates": [[[90.35864476200004, 23.765689457000065], [90.35125472600004, 23.764576], [90.34857832100005, 23.76678860100003], [90.349763, 23.768025072000057], [90.34590931300005, 23.769736945000034], [90.34553736100008, 23.76846617800004], [90.34953944100005, 23.76218829100003], [90.35881864900006, 23.762396227000067], [90.35889710100008, 23.76241824500005], [90.35864476200004, 23.765689457000065]]]}}, {"type": "Feature", "properties": {"id": 3, "thana_id": 2, "name_en": "Badda, Badda", "name_bn": null, "name_bn_verified": false, "division": "Dhaka", "district": "Dhaka", "upazila": "Badda", "population": null, "source": "geoBoundaries gbOpen BGD ADM4", "source_id": "29066614B18327963754428"}, "geometry": {"type": "Polygon", "coordinates": [[[90.44369496900003, 23.787481554000067], [90.43753652900006, 23.789412071000072], [90.42717082400009, 23.786208604000024], [90.42798106000004, 23.78174257300003], [90.42628406000006, 23.779953566000074], [90.42800070000004, 23.778986021000037], [90.42820448800006, 23.775569508000046], [90.42638246000007, 23.774967856000046], [90.42729214300005, 23.770474485000022], [90.42548636400005, 23.770439903000067], [90.42471882800004, 23.768408623000028], [90.43362746600008, 23.763233241000023], [90.43604341900004, 23.762839152000026], [90.43799864400006, 23.764985328000023], [90.43911017300007, 23.766670874000056], [90.43763186500007, 23.769397453000067], [90.44027870900004, 23.777385948000074], [90.43921700700008, 23.77835347200005], [90.44069111000005, 23.779375996000056], [90.43950464700004, 23.783462944000064], [90.44369496900003, 23.787481554000067]]]}}, {"type": "Feature", "properties": {"id": 4, "thana_id": 2, "name_en": "Badda, Beraid", "name_bn": null, "name_bn_verified": false, "division": "Dhaka", "district": "Dhaka", "upazila": "Badda", "population": null, "source": "geoBoundaries gbOpen BGD ADM4", "source_id": "29066614B31724638378292"}, "geometry": {"type": "Polygon", "coordinates": [[[90.45546817000007, 23.827620857000056], [90.45385620000008, 23.826774310000076], [90.44825675000004, 23.828079498000022], [90.44197439000004, 23.826008898000055], [90.43897828000007, 23.817674097000065], [90.44060582900005, 23.81470708200004], [90.44490931000007, 23.814970781000056], [90.44870608200006, 23.81330290300008], [90.45086425100004, 23.80286193200004], [90.45476682100008, 23.801041740000073], [90.45577359200007, 23.802787668000065], [90.45686172600006, 23.799194071000045], [90.45857242800008, 23.80204267000005], [90.45818241500007, 23.804898066000078], [90.46328599600008, 23.805250896000075], [90.46705328000007, 23.795481164000023], [90.46383647300007, 23.78315993500007], [90.47161984300004, 23.781801361000078], [90.47198000600008, 23.785326643000076], [90.48107039400008, 23.793490640000073], [90.48182743300003, 23.80285471800005], [90.48419137900004, 23.807856968000067], [90.48360270800003, 23.811176369000066], [90.48538008700007, 23.817063807000068], [90.48778643200006, 23.81763863900005], [90.48576851600006, 23.821326077000037], [90.47973938000007, 23.82301751800003], [90.47168867100004, 23.82172758200005], [90.45546817000007, 23.827620857000056]]]}}, {"type": "Feature", "properties": {"id": 5, "thana_id": 2, "name_en": "Badda, Bhatara", "name_bn": null, "name_bn_verified": false, "division": "Dhaka", "district": "Dhaka", "upazila": "Badda", "population": null, "source": "geoBoundaries gbOpen BGD ADM4", "source_id": "29066614B66567082360141"}, "geometry": {"type": "Polygon", "coordinates": [[[90.44369496900003, 23.787481554000067], [90.44312640000004, 23.79261110300007], [90.44101117600007, 23.795919076000075], [90.44557802000008, 23.800369665000062], [90.44920210100008, 23.801062556000034], [90.45086425100004, 23.80286193200004], [90.44870608200006, 23.81330290300008], [90.44490931000007, 23.814970781000056], [90.44060582900005, 23.81470708200004], [90.43897828000007, 23.817674097000065], [90.42336278500005, 23.80729148200004], [90.42224814300005, 23.806665991000045], [90.42610454200008, 23.789075811000032], [90.42717082400009, 23.786208604000024], [90.43753652900006, 23.789412071000072], [90.44369496900003, 23.787481554000067]]]}}, {"type": "Feature", "properties": {"id": 6, "thana_id": 2, "name_en": "Badda, Satarkul", "name_bn": null, "name_bn_verified": false, "division": "Dhaka", "district": "Dhaka", "upazila": "Badda", "population": null, "source": "geoBoundaries gbOpen BGD ADM4", "source_id": "29066614B31156920043402"}, "geometry": {"type": "Polygon", "coordinates": [[[90.43799864400006, 23.764985328000023], [90.44198050600005, 23.766224328000078], [90.44159852600006, 23.763860924000028], [90.44441989700005, 23.76328583800006], [90.44645072700007, 23.758940445000064], [90.45448041700007, 23.76012851200005], [90.45478248700005, 23.763922945000047], [90.45195586700004, 23.76296533200008], [90.45240301800004, 23.76669498900003], [90.46198379700007, 23.77359620200008], [90.45877085400008, 23.77607106800008], [90.46383647300007, 23.78315993500007], [90.46705328000007, 23.795481164000023], [90.46328599600008, 23.805250896000075], [90.45818241500007, 23.804898066000078], [90.45857242800008, 23.80204267000005], [90.45686172600006, 23.799194071000045], [90.45577359200007, 23.802787668000065], [90.45476682100008, 23.801041740000073], [90.45086425100004, 23.80286193200004], [90.44920210100008, 23.801062556000034], [90.44557802000008, 23.800369665000062], [90.44101117600007, 23.795919076000075], [90.44312640000004, 23.79261110300007], [90.44369496900003, 23.787481554000067], [90.43950464700004, 23.783462944000064], [90.44069111000005, 23.779375996000056], [90.43921700700008, 23.77835347200005], [90.44027870900004, 23.777385948000074], [90.43763186500007, 23.769397453000067], [90.43911017300007, 23.766670874000056], [90.43799864400006, 23.764985328000023]]]}}, {"type": "Feature", "properties": {"id": 7, "thana_id": 2, "name_en": "Badda, Ward No-17 (Part)", "name_bn": "ওয়ার্ড ১৭", "name_bn_verified": false, "division": "Dhaka", "district": "Dhaka", "upazila": "Badda", "population": null, "source": "geoBoundaries gbOpen BGD ADM4", "source_id": "29066614B24848929473594"}, "geometry": {"type": "Polygon", "coordinates": [[[90.44197439000004, 23.826008898000055], [90.44135227000004, 23.82658329000003], [90.43609955000005, 23.827482409000027], [90.42911437700008, 23.826070754000057], [90.42956631000004, 23.82157058000007], [90.42165180000006, 23.82051182400005], [90.41899415800003, 23.821631083000057], [90.41672192900006, 23.819882608000057], [90.41784308500007, 23.81635927600007], [90.41513577800004, 23.81631959400005], [90.41532555300006, 23.811029380000036], [90.42108926900005, 23.811909626000045], [90.42018258000007, 23.81056496900004], [90.42336278500005, 23.80729148200004], [90.43897828000007, 23.817674097000065], [90.44197439000004, 23.826008898000055]]]}}, {"type": "Feature", "properties": {"id": 8, "thana_id": 2, "name_en": "Badda, Ward No-21", "name_bn": "ওয়ার্ড ২১", "name_bn_verified": false, "division": "Dhaka", "district": "Dhaka", "upazila": "Badda", "population": null, "source": "geoBoundaries gbOpen BGD ADM4", "source_id": "29066614B14072247914179"}, "geometry": {"type": "Polygon", "coordinates": [[[90.42717082400009, 23.786208604000024], [90.42610454200008, 23.789075811000032], [90.42202321100007, 23.78873135300006], [90.42044219400003, 23.777199894000034], [90.41756887700006, 23.76983476500004], [90.42471882800004, 23.768408623000028], [90.42548636400005, 23.770439903000067], [90.42729214300005, 23.770474485000022], [90.42638246000007, 23.774967856000046], [90.42820448800006, 23.775569508000046], [90.42800070000004, 23.778986021000037], [90.42628406000006, 23.779953566000074], [90.42798106000004, 23.78174257300003], [90.42717082400009, 23.786208604000024]]]}}, {"type": "Feature", "properties": {"id": 9, "thana_id": 3, "name_en": "Bangshal, Ward No-63 (Part)", "name_bn": "ওয়ার্ড ৬৩", "name_bn_verified": false, "division": "Dhaka", "district": "Dhaka", "upazila": "Bangshal", "population": null, "source": "geoBoundaries gbOpen BGD ADM4", "source_id": "29066614B79246229392030"}, "geometry": {"type": "Polygon", "coordinates": [[[90.40032557600006, 23.723925558000076], [90.39836067900006, 23.720010930000058], [90.39887900700006, 23.71832581800004], [90.39969691900006, 23.71855307000004], [90.40072013000008, 23.723052591000055], [90.40245182100006, 23.72356903900004], [90.40032557600006, 23.723925558000076]]]}}, {"type": "Feature", "properties": {"id": 10, "thana_id": 3, "name_en": "Bangshal, Ward No-66 (Part)", "name_bn": "ওয়ার্ড ৬৬", "name_bn_verified": false, "division": "Dhaka", "district": "Dhaka", "upazila": "Bangshal", "population": null, "source": "geoBoundaries gbOpen BGD ADM4", "source_id": "29066614B46283749290687"}, "geometry": {"type": "Polygon", "coordinates": [[[90.40039575700007, 23.71296756600003], [90.39915765300003, 23.712995310000053], [90.39972308700004, 23.710766044000025], [90.40204430800009, 23.70968369800005], [90.40306629900005, 23.71195890200005], [90.40098151900008, 23.712806862000036], [90.40039575700007, 23.71296756600003]]]}}, {"type": "Feature", "properties": {"id": 11, "thana_id": 3, "name_en": "Bangshal, Ward No-67 (part)", "name_bn": "ওয়ার্ড ৬৭", "name_bn_verified": false, "division": "Dhaka", "district": "Dhaka", "upazila": "Bangshal", "population": null, "source": "geoBoundaries gbOpen BGD ADM4", "source_id": "29066614B47738409705092"}, "geometry": {"type": "Polygon", "coordinates": [[[90.39887900700006, 23.71832581800004], [90.40098151900008, 23.712806862000036], [90.40306629900005, 23.71195890200005], [90.40312706300006, 23.712218478000068], [90.40408759200005, 23.71336373400004], [90.40232753700008, 23.717289648000076], [90.39969691900006, 23.71855307000004], [90.39887900700006, 23.71832581800004]]]}}, {"type": "Feature", "properties": {"id": 12, "thana_id": 3, "name_en": "Bangshal, Ward No-68 (part)", "name_bn": "ওয়ার্ড ৬৮", "name_bn_verified": false, "division": "Dhaka", "district": "Dhaka", "upazila": "Bangshal", "population": null, "source": "geoBoundaries gbOpen BGD ADM4", "source_id": "29066614B95442161275353"}, "geometry": {"type": "Polygon", "coordinates": [[[90.40312706300006, 23.712218478000068], [90.40534994000006, 23.713933403000055], [90.40505526600003, 23.715933386000074], [90.40697355600008, 23.71748271100006], [90.40232753700008, 23.717289648000076], [90.40408759200005, 23.71336373400004], [90.40312706300006, 23.712218478000068]]]}}, {"type": "Feature", "properties": {"id": 13, "thana_id": 3, "name_en": "Bangshal, Ward No-69", "name_bn": "ওয়ার্ড ৬৯", "name_bn_verified": false, "division": "Dhaka", "district": "Dhaka", "upazila": "Bangshal", "population": null, "source": "geoBoundaries gbOpen BGD ADM4", "source_id": "29066614B43038668563890"}, "geometry": {"type": "Polygon", "coordinates": [[[90.40245182100006, 23.72356903900004], [90.40072013000008, 23.723052591000055], [90.39969691900006, 23.71855307000004], [90.40232753700008, 23.717289648000076], [90.40697355600008, 23.71748271100006], [90.40699239400004, 23.71770163000008], [90.40540186700008, 23.72322310900006], [90.40245182100006, 23.72356903900004]]]}}, {"type": "Feature", "properties": {"id": 14, "thana_id": 3, "name_en": "Bangshal, Ward No-70", "name_bn": "ওয়ার্ড ৭০", "name_bn_verified": false, "division": "Dhaka", "district": "Dhaka", "upazila": "Bangshal", "population": null, "source": "geoBoundaries gbOpen BGD ADM4", "source_id": "29066614B27052339163357"}, "geometry": {"type": "Polygon", "coordinates": [[[90.40540186700008, 23.72322310900006], [90.40699239400004, 23.71770163000008], [90.41150855300003, 23.71847077900003], [90.41188486400006, 23.722937083000033], [90.40540186700008, 23.72322310900006]]]}}, {"type": "Feature", "properties": {"id": 15, "thana_id": 3, "name_en": "Bangshal, Ward No-71 (Part)", "name_bn": "ওয়ার্ড ৭১", "name_bn_verified": false, "division": "Dhaka", "district": "Dhaka", "upazila": "Bangshal", "population": null, "source": "geoBoundaries gbOpen BGD ADM4", "source_id": "29066614B22702442000646"}, "geometry": {"type": "Polygon", "coordinates": [[[90.40534994000006, 23.713933403000055], [90.40682974600008, 23.714345636000076], [90.40707269100005, 23.714341212000022], [90.41152922200007, 23.713517876000026], [90.41152562400003, 23.71369254800004], [90.41150855300003, 23.71847077900003], [90.40699239400004, 23.71770163000008], [90.40697355600008, 23.71748271100006], [90.40505526600003, 23.715933386000074], [90.40534994000006, 23.713933403000055]]]}}, {"type": "Feature", "properties": {"id": 16, "thana_id": 4, "name_en": "Biman Bandar, Dakshinkhan (part)", "name_bn": null, "name_bn_verified": false, "division": "Dhaka", "district": "Dhaka", "upazila": "Biman Bandar", "population": null, "source": "geoBoundaries gbOpen BGD ADM4", "source_id": "29066614B37140508488039"}, "geometry": {"type": "Polygon", "coordinates": [[[90.42388393800007, 23.847578226000053], [90.42459965200004, 23.849861446000034], [90.42082593200007, 23.85263006200006], [90.41611866100004, 23.85930309300005], [90.40719500200004, 23.857920715000034], [90.40638803900003, 23.85367018900007], [90.41829767400009, 23.837991287000023], [90.42026315200008, 23.838867039000036], [90.42254945500008, 23.84203431900005], [90.42189751000006, 23.845966883000074], [90.42388393800007, 23.847578226000053]]]}}, {"type": "Feature", "properties": {"id": 17, "thana_id": 4, "name_en": "Biman Bandar, Ward No-01", "name_bn": "ওয়ার্ড ১", "name_bn_verified": false, "division": "Dhaka", "district": "Dhaka", "upazila": "Biman Bandar", "population": null, "source": "geoBoundaries gbOpen BGD ADM4", "source_id": "29066614B41397052569485"}, "geometry": {"type": "Polygon", "coordinates": [[[90.40524347800005, 23.854492994000054], [90.40036882300006, 23.860711550000076], [90.39702234900005, 23.860863395000024], [90.40524347800005, 23.854492994000054]]]}}, {"type": "Feature", "properties": {"id": 18, "thana_id": 4, "name_en": "Biman Bandar, Ward No-98 (rest. Area)", "name_bn": "ওয়ার্ড ৯৮", "name_bn_verified": false, "division": "Dhaka", "district": "Dhaka", "upazila": "Biman Bandar", "population": null, "source": "geoBoundaries gbOpen BGD ADM4", "source_id": "29066614B71558124815338"}, "geometry": {"type": "Polygon", "coordinates": [[[90.40638803900003, 23.85367018900007], [90.40524347800005, 23.854492994000054], [90.39702234900005, 23.860863395000024], [90.39246690700008, 23.86126084800003], [90.38654919500004, 23.857577716000037], [90.38545016100005, 23.856865683000024], [90.39313171900005, 23.84682934600005], [90.39436893800007, 23.841516262000027], [90.39982865100006, 23.838900860000024], [90.39933876900005, 23.832843644000036], [90.40664470400009, 23.83164750900005], [90.41044187400007, 23.834084662000066], [90.41319460500006, 23.833628499000042], [90.41829767400009, 23.837991287000023], [90.40638803900003, 23.85367018900007]]]}}, {"type": "Feature", "properties": {"id": 19, "thana_id": 5, "name_en": "Cantonment, Ward No-15 (part)", "name_bn": "ওয়ার্ড ১৫", "name_bn_verified": false, "division": "Dhaka", "district": "Dhaka", "upazila": "Cantonment", "population": null, "source": "geoBoundaries gbOpen BGD ADM4", "source_id": "29066614B59009086024094"}, "geometry": {"type": "Polygon", "coordinates": [[[90.38724804100008, 23.841721722000045], [90.38892951300005, 23.83207710000005], [90.39347710800007, 23.826926627000034], [90.38286571600008, 23.82083616600005], [90.38306273900008, 23.816738563000058], [90.38806259200004, 23.815569805000052], [90.39115842500007, 23.816303176000076], [90.39154104000005, 23.81493841200006], [90.40024393900006, 23.817176817000075], [90.39671121000003, 23.828087525000058], [90.39933876900005, 23.832843644000036], [90.39982865100006, 23.838900860000024], [90.39436893800007, 23.841516262000027], [90.38736259400008, 23.844346319000067], [90.38724804100008, 23.841721722000045]]]}}, {"type": "Feature", "properties": {"id": 20, "thana_id": 5, "name_en": "Cantonment, Ward No-98 (Rest. Area)", "name_bn": "ওয়ার্ড ৯৮", "name_bn_verified": false, "division": "Dhaka", "district": "Dhaka", "upazila": "Cantonment", "population": null, "source": "geoBoundaries gbOpen BGD ADM4", "source_id": "29066614B71488388423768"}, "geometry": {"type": "Polygon", "coordinates": [[[90.40024393900006, 23.817176817000075], [90.39866595700005, 23.805855931000053], [90.39436691000003, 23.80063606400006], [90.39179960400008, 23.790503381000065], [90.38795246000007, 23.790771747000065], [90.38825853400004, 23.78164498500007], [90.39089020000006, 23.779375711000057], [90.39214514600008, 23.782393327000023], [90.39293577800004, 23.781744367000044], [90.39410245600004, 23.776419877000023], [90.39782497500005, 23.77810970200005], [90.39905618700004, 23.786079708000045], [90.40239795900004, 23.800474930000064], [90.40455683300007, 23.79971025100008], [90.40672969200006, 23.801047443000073], [90.40679816500005, 23.805055370000048], [90.41228515900008, 23.80456293700007], [90.41550687600005, 23.806406166000045], [90.41307965300007, 23.80978191300005], [90.41532555300006, 23.811029380000036], [90.41513577800004, 23.81631959400005], [90.41784308500007, 23.81635927600007], [90.41672192900006, 23.819882608000057], [90.41430107600007, 23.821553705000042], [90.41266279700005, 23.82577178500003], [90.41319460500006, 23.833628499000042], [90.41044187400007, 23.834084662000066], [90.40664470400009, 23.83164750900005], [90.39933876900005, 23.832843644000036], [90.39671121000003, 23.828087525000058], [90.40024393900006, 23.817176817000075]]]}}, {"type": "Feature", "properties": {"id": 21, "thana_id": 6, "name_en": "Chak Bazar, Ward No-63 (Part)", "name_bn": "ওয়ার্ড ৬৩", "name_bn_verified": false, "division": "Dhaka", "district": "Dhaka", "upazila": "Chak Bazar", "population": null, "source": "geoBoundaries gbOpen BGD ADM4", "source_id": "29066614B49876121034936"}, "geometry": {"type": "Polygon", "coordinates": [[[90.39947620800007, 23.724040811000066], [90.39272800500004, 23.724464582000053], [90.38942360200008, 23.723345637000023], [90.39137170700008, 23.720559276000074], [90.39286154400008, 23.72248370500006], [90.39531039000008, 23.719073320000064], [90.39570973700006, 23.722387237000078], [90.39836067900006, 23.720010930000058], [90.40032557600006, 23.723925558000076], [90.39947620800007, 23.724040811000066]]]}}, {"type": "Feature", "properties": {"id": 22, "thana_id": 6, "name_en": "Chak Bazar, Ward No-64", "name_bn": "ওয়ার্ড ৬৪", "name_bn_verified": false, "division": "Dhaka", "district": "Dhaka", "upazila": "Chak Bazar", "population": null, "source": "geoBoundaries gbOpen BGD ADM4", "source_id": "29066614B20046718591080"}, "geometry": {"type": "Polygon", "coordinates": [[[90.38997839600006, 23.71869457200006], [90.39495367000006, 23.715890281000043], [90.39674964400007, 23.715667809000024], [90.39531039000008, 23.719073320000064], [90.39286154400008, 23.72248370500006], [90.39137170700008, 23.720559276000074], [90.39059566600008, 23.720537197000056], [90.39114274000008, 23.718910367000035], [90.38997839600006, 23.71869457200006]]]}}, {"type": "Feature", "properties": {"id": 23, "thana_id": 6, "name_en": "Chak Bazar, Ward No-65", "name_bn": "ওয়ার্ড ৬৫", "name_bn_verified": false, "division": "Dhaka", "district": "Dhaka", "upazila": "Chak Bazar", "population": null, "source": "geoBoundaries gbOpen BGD ADM4", "source_id": "29066614B2517125108028"}, "geometry": {"type": "Polygon", "coordinates": [[[90.38519273400004, 23.712294547000056], [90.39317362000008, 23.711087409000072], [90.39495367000006, 23.715890281000043], [90.38997839600006, 23.71869457200006], [90.38962489600004, 23.716943824000055], [90.38657003600008, 23.716650709000078], [90.38315947900008, 23.713282616000072], [90.38519273400004, 23.712294547000056]]]}}, {"type": "Feature", "properties": {"id": 24, "thana_id": 6, "name_en": "Chak Bazar, Ward No-66 (Part)", "name_bn": "ওয়ার্ড ৬৬", "name_bn_verified": false, "division": "Dhaka", "district": "Dhaka", "upazila": "Chak Bazar", "population": null, "source": "geoBoundaries gbOpen BGD ADM4", "source_id": "29066614B83991700620302"}, "geometry": {"type": "Polygon", "coordinates": [[[90.39495367000006, 23.715890281000043], [90.39317362000008, 23.711087409000072], [90.39972308700004, 23.710766044000025], [90.39915765300003, 23.712995310000053], [90.40039575700007, 23.71296756600003], [90.39674964400007, 23.715667809000024], [90.39495367000006, 23.715890281000043]]]}}, {"type": "Feature", "properties": {"id": 25, "thana_id": 6, "name_en": "Chak Bazar, Ward No-67 (Part)", "name_bn": "ওয়ার্ড ৬৭", "name_bn_verified": false, "division": "Dhaka", "district": "Dhaka", "upazila": "Chak Bazar", "population": null, "source": "geoBoundaries gbOpen BGD ADM4", "source_id": "29066614B87699757751479"}, "geometry": {"type": "Polygon", "coordinates": [[[90.39836067900006, 23.720010930000058], [90.39570973700006, 23.722387237000078], [90.39531039000008, 23.719073320000064], [90.39674964400007, 23.715667809000024], [90.40039575700007, 23.71296756600003], [90.40098151900008, 23.712806862000036], [90.39887900700006, 23.71832581800004], [90.39836067900006, 23.720010930000058]]]}}, {"type": "Feature", "properties": {"id": 26, "thana_id": 7, "name_en": "Dakshinkhan, Dakshinkhan (Part)", "name_bn": null, "name_bn_verified": false, "division": "Dhaka", "district": "Dhaka", "upazila": "Dakshinkhan", "population": null, "source": "geoBoundaries gbOpen BGD ADM4", "source_id": "29066614B54932712585204"}, "geometry": {"type": "Polygon", "coordinates": [[[90.42388393800007, 23.847578226000053], [90.43417980500004, 23.845019930000035], [90.43663854300007, 23.847606965000068], [90.44224066100008, 23.84662452400005], [90.44706508500008, 23.848866432000023], [90.45301062300007, 23.84586838900003], [90.45392227100007, 23.848754365000048], [90.44898735100008, 23.849210846000062], [90.44729108600006, 23.852304281000045], [90.44801458100005, 23.854581151000048], [90.44373796400004, 23.859707532000073], [90.43933429700007, 23.860024434000024], [90.43844263900007, 23.856988718000025], [90.43427982600008, 23.86343098100008], [90.43720680000007, 23.86605619200003], [90.43395566200007, 23.865255300000058], [90.42977933200007, 23.867748084000027], [90.42800793700007, 23.864815812000074], [90.42238675600004, 23.863413818000026], [90.41894840800006, 23.867338172000075], [90.41922920200005, 23.872949320000032], [90.41559103200007, 23.870347141000025], [90.41616356300005, 23.868361864000065], [90.41380300700007, 23.870399942000063], [90.41903529800004, 23.87793288100005], [90.41835872600006, 23.880208613000036], [90.41520772500007, 23.882007242000043], [90.41631954000007, 23.886038307000035], [90.41193187400006, 23.882793392000053], [90.40649298400007, 23.881967280000026], [90.40719500200004, 23.857920715000034], [90.41611866100004, 23.85930309300005], [90.42082593200007, 23.85263006200006], [90.42459965200004, 23.849861446000034], [90.42388393800007, 23.847578226000053]]]}}, {"type": "Feature", "properties": {"id": 27, "thana_id": 8, "name_en": "Darus Salam, Ward No-09", "name_bn": "ওয়ার্ড ৯", "name_bn_verified": false, "division": "Dhaka", "district": "Dhaka", "upazila": "Darus Salam", "population": null, "source": "geoBoundaries gbOpen BGD ADM4", "source_id": "29066614B4453734496142"}, "geometry": {"type": "Polygon", "coordinates": [[[90.34231044500007, 23.772055030000047], [90.34864411500007, 23.77536595600003], [90.34614783300003, 23.776424989000077], [90.34401054200004, 23.78199399700003], [90.34443278900005, 23.789969679000023], [90.34685115400003, 23.792175248000035], [90.34356677200003, 23.79402729800006], [90.34312512000008, 23.798662714000045], [90.33954014700004, 23.797507977000066], [90.33958603900004, 23.790141874000028], [90.33800222500008, 23.786432427000022], [90.33567674600005, 23.78544516000005], [90.33549908200007, 23.782543746000044], [90.33803509200004, 23.77897601600006], [90.33461289400003, 23.774733105000053], [90.34231044500007, 23.772055030000047]]]}}, {"type": "Feature", "properties": {"id": 28, "thana_id": 8, "name_en": "Darus Salam, Ward No-10", "name_bn": "ওয়ার্ড ১০", "name_bn_verified": false, "division": "Dhaka", "district": "Dhaka", "upazila": "Darus Salam", "population": null, "source": "geoBoundaries gbOpen BGD ADM4", "source_id": "29066614B45987256424467"}, "geometry": {"type": "Polygon", "coordinates": [[[90.34312512000008, 23.798662714000045], [90.34356677200003, 23.79402729800006], [90.34685115400003, 23.792175248000035], [90.34443278900005, 23.789969679000023], [90.34401054200004, 23.78199399700003], [90.34614783300003, 23.776424989000077], [90.34864411500007, 23.77536595600003], [90.35089336100003, 23.77827271800004], [90.35414135500008, 23.775951286000065], [90.35766123900004, 23.77656465000007], [90.35783423900006, 23.783369911000023], [90.35517358100003, 23.785152580000045], [90.35180721800003, 23.781571754000026], [90.34891733900008, 23.783009900000025], [90.35020582900006, 23.793435329000033], [90.34913759600005, 23.796282020000035], [90.34764583800006, 23.795860960000027], [90.34652441800006, 23.798134290000064], [90.34313840100003, 23.798669792000055], [90.34312512000008, 23.798662714000045]]]}}, {"type": "Feature", "properties": {"id": 29, "thana_id": 9, "name_en": "Demra, Demra (part)", "name_bn": null, "name_bn_verified": false, "division": "Dhaka", "district": "Dhaka", "upazila": "Demra", "population": null, "source": "geoBoundaries gbOpen BGD ADM4", "source_id": "29066614B41863516617654"}, "geometry": {"type": "Polygon", "coordinates": [[[90.46017981800009, 23.742731501000037], [90.46000121500003, 23.740595290000044], [90.46239859600007, 23.740469588000053], [90.46410488700008, 23.73845418600007], [90.46434883900008, 23.73478683600007], [90.45615400100007, 23.73311933100007], [90.45937297600005, 23.725823412000068], [90.46311425200008, 23.725890160000063], [90.46479350600003, 23.719935538000072], [90.46751634400005, 23.720397023000032], [90.46861738400008, 23.71914156400004], [90.46904733400004, 23.72054932800006], [90.47371708100007, 23.72256402000005], [90.47514592600004, 23.714823882000076], [90.48212825100006, 23.716150380000045], [90.48329242000005, 23.718597372000033], [90.48560977400007, 23.718005262000077], [90.48835854100008, 23.719330593000052], [90.48756412600005, 23.72054683600004], [90.48928259600007, 23.721968540000034], [90.48781518000004, 23.723422321000044], [90.49954939600008, 23.725821938000024], [90.49696365700004, 23.731238483000027], [90.48993043400009, 23.735987545000057], [90.49245673800004, 23.74332153100005], [90.48570947800005, 23.74919752200003], [90.48732214000006, 23.755998325000064], [90.48298523700004, 23.758831154000063], [90.48247314500009, 23.761808548000033], [90.47395164500006, 23.761472859000037], [90.47230668500004, 23.754006941000057], [90.46204577300006, 23.752233729000068], [90.45973468300008, 23.750097107000045], [90.46017981800009, 23.742731501000037]]]}}, {"type": "Feature", "properties": {"id": 30, "thana_id": 9, "name_en": "Demra, Matuail (part)", "name_bn": null, "name_bn_verified": false, "division": "Dhaka", "district": "Dhaka", "upazila": "Demra", "population": null, "source": "geoBoundaries gbOpen BGD ADM4", "source_id": "29066614B96745675160648"}, "geometry": {"type": "Polygon", "coordinates": [[[90.47777589600008, 23.69120285300005], [90.47571316100004, 23.69607519300007], [90.47833016400006, 23.698911803000044], [90.48129399300007, 23.698660998000037], [90.48131723600005, 23.701321562000032], [90.47234248800004, 23.701996725000072], [90.47325281400003, 23.708092574000034], [90.47041878700009, 23.706819730000063], [90.46783155000008, 23.702355917000034], [90.46595441500006, 23.702211414000033], [90.46635502900006, 23.700218540000037], [90.46476060200007, 23.699396860000036], [90.46670927800005, 23.694844256000067], [90.46827575700007, 23.685224296000058], [90.47008592900005, 23.68514828600007], [90.47409816800007, 23.690221921000045], [90.47777589600008, 23.69120285300005]]]}}, {"type": "Feature", "properties": {"id": 31, "thana_id": 9, "name_en": "Demra, Saralia", "name_bn": null, "name_bn_verified": false, "division": "Dhaka", "district": "Dhaka", "upazila": "Demra", "population": null, "source": "geoBoundaries gbOpen BGD ADM4", "source_id": "29066614B31695123575973"}, "geometry": {"type": "Polygon", "coordinates": [[[90.47514592600004, 23.714823882000076], [90.47642734200008, 23.70958166400004], [90.47325281400003, 23.708092574000034], [90.47234248800004, 23.701996725000072], [90.48131723600005, 23.701321562000032], [90.48129399300007, 23.698660998000037], [90.47833016400006, 23.698911803000044], [90.47571316100004, 23.69607519300007], [90.47777589600008, 23.69120285300005], [90.47780962100006, 23.691102802000046], [90.47973127900008, 23.693664480000052], [90.48571925900006, 23.69599744800007], [90.48871088900006, 23.69563645900007], [90.48868923200007, 23.69905669900004], [90.49146796700006, 23.700912002000052], [90.49779243200004, 23.701494041000046], [90.49939582900004, 23.70544650000005], [90.50466051200004, 23.70574488500006], [90.51252492200007, 23.709168274000035], [90.51279451900007, 23.709568966000063], [90.49972324800007, 23.721065243000055], [90.49954939600008, 23.725821938000024], [90.48781518000004, 23.723422321000044], [90.48928259600007, 23.721968540000034], [90.48756412600005, 23.72054683600004], [90.48835854100008, 23.719330593000052], [90.48560977400007, 23.718005262000077], [90.48329242000005, 23.718597372000033], [90.48212825100006, 23.716150380000045], [90.47514592600004, 23.714823882000076]]]}}, {"type": "Feature", "properties": {"id": 32, "thana_id": 10, "name_en": "Dhamrai, Amta", "name_bn": null, "name_bn_verified": false, "division": "Dhaka", "district": "Dhaka", "upazila": "Dhamrai", "population": null, "source": "geoBoundaries gbOpen BGD ADM4", "source_id": "29066614B73177653888035"}, "geometry": {"type": "Polygon", "coordinates": [[[90.07784627900008, 24.01230057300006], [90.07754053500008, 24.01536833700004], [90.07535210500004, 24.01752646400007], [90.06975158200004, 24.017689439000037], [90.06853122300004, 24.01282155900003], [90.06609156300004, 24.010024861000034], [90.06268396100006, 24.011950182000078], [90.06143647600004, 24.008813075000035], [90.05717985700005, 24.007283740000048], [90.05165581300008, 24.007855303000042], [90.04559520800007, 24.00574534900005], [90.04412729500007, 24.003538496000033], [90.04338067500004, 23.998061148000033], [90.04505687300008, 23.995989430000066], [90.04794530200007, 23.996275897000032], [90.05299677000005, 23.99974604700003], [90.05643045300008, 23.999556838000046], [90.05658644500005, 23.997948456000074], [90.05210358700003, 23.993585153000026], [90.05018469500004, 23.989002430000028], [90.04100024500008, 23.98470179700007], [90.03838311100003, 23.980485481000073], [90.04011741500005, 23.976064249000046], [90.04432934400006, 23.97356619800007], [90.03803123200004, 23.97165076400006], [90.04404277900005, 23.966440850000026], [90.05464460000007, 23.967893916000037], [90.06131037900008, 23.967040095000073], [90.06764937000008, 23.969951508000065], [90.06771208200007, 23.972396437000043], [90.06508746300005, 23.97591342900006], [90.06516831900007, 23.980322327000067], [90.05584391700006, 23.99170623300006], [90.06197593500008, 23.99256477600005], [90.06826060000003, 24.001339870000038], [90.07470854000007, 24.002447843000027], [90.07358474700004, 24.009161681000023], [90.07527033400004, 24.01324743400005], [90.07784627900008, 24.01230057300006]]]}}, {"type": "Feature", "properties": {"id": 33, "thana_id": 10, "name_en": "Dhamrai, Baisakanda", "name_bn": null, "name_bn_verified": false, "division": "Dhaka", "district": "Dhaka", "upazila": "Dhamrai", "population": null, "source": "geoBoundaries gbOpen BGD ADM4", "source_id": "29066614B70062463667647"}, "geometry": {"type": "Polygon", "coordinates": [[[90.18329933900009, 24.001678490000074], [90.17113247500004, 24.000877384000034], [90.16635313100005, 24.00938376000005], [90.16763205700005, 24.010870442000055], [90.16209350200006, 24.014786831000038], [90.16161123100005, 24.01958406500006], [90.14817451900007, 24.02566341100004], [90.14784325200009, 24.021370560000037], [90.14529541000007, 24.019954357000074], [90.14442419900007, 24.017169839000076], [90.14145584200008, 24.017470109000044], [90.13891882100006, 24.00968374000007], [90.13471094500005, 24.010127822000072], [90.13341738000008, 24.004205434000028], [90.13019358000008, 24.002292220000072], [90.12883922500004, 23.998282438000047], [90.12293760500006, 23.998460590000036], [90.12301517300006, 23.993761446000065], [90.11899080600006, 23.99313743700003], [90.11576905700008, 23.988503480000077], [90.11493213300008, 23.98427639700003], [90.12093710000005, 23.983926292000035], [90.12293483600007, 23.986485945000027], [90.13025294400006, 23.99044962800008], [90.13018070500004, 23.984294700000078], [90.13329593200007, 23.98323862600006], [90.13514275100005, 23.984618961000024], [90.13661467900005, 23.980045586000074], [90.14602921400007, 23.97583065500004], [90.15208489500009, 23.976175906000037], [90.15215946200004, 23.979508210000063], [90.15446944000007, 23.980425511000078], [90.15503204700008, 23.986947436000037], [90.15807884000003, 23.991856232000032], [90.16491033100004, 23.989951116000043], [90.16965600100008, 23.98669373000007], [90.17333025600004, 23.987604714000042], [90.17461479000008, 23.984921212000074], [90.17595155000004, 23.989513199000044], [90.18190468000006, 23.988518342000077], [90.18629739300007, 23.989885422000043], [90.18601161200007, 23.999246656000025], [90.18329933900009, 24.001678490000074]]]}}, {"type": "Feature", "properties": {"id": 34, "thana_id": 10, "name_en": "Dhamrai, Balia", "name_bn": null, "name_bn_verified": false, "division": "Dhaka", "district": "Dhaka", "upazila": "Dhamrai", "population": null, "source": "geoBoundaries gbOpen BGD ADM4", "source_id": "29066614B10380990101702"}, "geometry": {"type": "Polygon", "coordinates": [[[90.04404277900005, 23.966440850000026], [90.04755083200007, 23.96201787800004], [90.06005496800003, 23.95771463600005], [90.06594153700007, 23.96039597300006], [90.07396086800009, 23.960252317000027], [90.07531856700007, 23.96358292000008], [90.07192533000006, 23.96846881700003], [90.07339673600006, 23.971287355000072], [90.08068213900003, 23.974381808000032], [90.08142042000009, 23.971636701000023], [90.08710970600004, 23.969875084000023], [90.08792272200003, 23.980633883000053], [90.08652821000004, 23.982271231000027], [90.08815936200006, 23.985737604000064], [90.08904992200007, 23.982994070000075], [90.09043610100008, 23.984414729000036], [90.09195570100007, 23.982461140000055], [90.09815967900005, 23.984493533000034], [90.09949307700003, 23.986639554000078], [90.09791455800007, 24.00240655400006], [90.09334515700004, 24.005008463000024], [90.08945815600003, 24.012270527000055], [90.08072757500008, 24.010798021000028], [90.07784627900008, 24.01230057300006], [90.07527033400004, 24.01324743400005], [90.07358474700004, 24.009161681000023], [90.07470854000007, 24.002447843000027], [90.06826060000003, 24.001339870000038], [90.06197593500008, 23.99256477600005], [90.05584391700006, 23.99170623300006], [90.06516831900007, 23.980322327000067], [90.06508746300005, 23.97591342900006], [90.06771208200007, 23.972396437000043], [90.06764937000008, 23.969951508000065], [90.06131037900008, 23.967040095000073], [90.05464460000007, 23.967893916000037], [90.04404277900005, 23.966440850000026]]]}}, {"type": "Feature", "properties": {"id": 35, "thana_id": 10, "name_en": "Dhamrai, Bhararia", "name_bn": null, "name_bn_verified": false, "division": "Dhaka", "district": "Dhaka", "upazila": "Dhamrai", "population": null, "source": "geoBoundaries gbOpen BGD ADM4", "source_id": "29066614B13653673321928"}, "geometry": {"type": "Polygon", "coordinates": [[[90.17461479000008, 23.984921212000074], [90.17227616000008, 23.98087623300006], [90.16842919100009, 23.979759926000042], [90.16573374400008, 23.977036218000023], [90.16954473300007, 23.968811471000038], [90.17522654700008, 23.967509507000045], [90.18138065100004, 23.953901291000022], [90.18988254700008, 23.950608871000043], [90.18949996300006, 23.942895118000024], [90.19448257800008, 23.942335655000022], [90.19967771500006, 23.943003033000025], [90.20189358300007, 23.946407041000043], [90.20650205700008, 23.94729455600003], [90.20624773100008, 23.950173406000033], [90.20909234900006, 23.949041640000075], [90.21014583500005, 23.950590384000066], [90.21394014200007, 23.94411062200004], [90.21787878500004, 23.945720754000035], [90.21849530600008, 23.943251214000043], [90.21629578200003, 23.942510285000026], [90.21173457200007, 23.93607993100005], [90.21529218500007, 23.934938033000037], [90.22047165300006, 23.930110213000034], [90.22216657600006, 23.93038269500005], [90.22199899300006, 23.929173724000066], [90.22507972900007, 23.928551089000052], [90.22820892600004, 23.931408050000073], [90.22798047300006, 23.934565211000063], [90.23173612000005, 23.936087196000074], [90.23054797900005, 23.943693120000034], [90.20870766400003, 23.958480998000027], [90.20317592100008, 23.965896088000022], [90.19819087400003, 23.968444087000023], [90.19935056900005, 23.97472007400006], [90.19021528500008, 23.977693154000065], [90.19067563000004, 23.984906607000028], [90.18629739300007, 23.989885422000043], [90.18190468000006, 23.988518342000077], [90.17595155000004, 23.989513199000044], [90.17461479000008, 23.984921212000074]]]}}, {"type": "Feature", "properties": {"id": 36, "thana_id": 10, "name_en": "Dhamrai, Chauhat", "name_bn": null, "name_bn_verified": false, "division": "Dhaka", "district": "Dhaka", "upazila": "Dhamrai", "population": null, "source": "geoBoundaries gbOpen BGD ADM4", "source_id": "29066614B20257109362318"}, "geometry": {"type": "Polygon", "coordinates": [[[90.07784627900008, 24.01230057300006], [90.08072757500008, 24.010798021000028], [90.08945815600003, 24.012270527000055], [90.08965602000006, 24.017117389000077], [90.09498497800007, 24.015456181000047], [90.09607100400007, 24.01888892000005], [90.09903487300005, 24.01776081500003], [90.10215023800004, 24.019037973000025], [90.09617567100008, 24.02699254500004], [90.09405888100008, 24.02735176500005], [90.09017775700005, 24.034688905000053], [90.08444839000003, 24.03537298200007], [90.08165104600005, 24.040669127000058], [90.07383625600005, 24.040651642000057], [90.07449125700003, 24.03381950800008], [90.07025156000003, 24.03243053500006], [90.06594546200006, 24.037443127000074], [90.06473200700003, 24.03540460000005], [90.06541883800008, 24.031666057000052], [90.06359708700006, 24.02925745300007], [90.06009023900003, 24.030409359000032], [90.04073904600006, 24.028389665000077], [90.02470298500003, 24.02104077100006], [90.02203307700006, 24.023907251000026], [90.02061052200008, 24.023577768000052], [90.01963839000007, 24.02874382500005], [90.02196553200008, 24.027878100000066], [90.02608846600003, 24.029615611000054], [90.02717512300006, 24.03394021200006], [90.01742949400006, 24.03611616200004], [90.01682512400004, 24.044348055000057], [90.01201737400004, 24.04252454600004], [90.01060643100004, 24.032323776000055], [90.01235155200004, 24.030637988000024], [90.01727303400008, 24.03130590300003], [90.01944033700005, 24.025731569000072], [90.01742587100006, 24.025207372000068], [90.01824926600005, 24.02173772900005], [90.01389472700004, 24.017562987000076], [90.00491426000008, 24.017463054000075], [90.00463335400008, 24.016191761000073], [90.00716868000006, 24.014898908000077], [90.00759375000007, 24.011362161000022], [90.01347731500005, 24.007608249000043], [90.01342619500008, 24.012419109000064], [90.01970770600008, 24.00968953200004], [90.01982455300003, 24.014255369000068], [90.02213323600006, 24.014815059000057], [90.02397543200004, 24.011757897000052], [90.02304917500004, 24.007543318000046], [90.02623641200006, 24.00449720900008], [90.03047727900008, 24.003699319000077], [90.03013335200006, 24.005867152000064], [90.03223720700004, 24.00606938800007], [90.04412729500007, 24.003538496000033], [90.04559520800007, 24.00574534900005], [90.05165581300008, 24.007855303000042], [90.05717985700005, 24.007283740000048], [90.06143647600004, 24.008813075000035], [90.06268396100006, 24.011950182000078], [90.06609156300004, 24.010024861000034], [90.06853122300004, 24.01282155900003], [90.06975158200004, 24.017689439000037], [90.07535210500004, 24.01752646400007], [90.07754053500008, 24.01536833700004], [90.07784627900008, 24.01230057300006]]]}}, {"type": "Feature", "properties": {"id": 37, "thana_id": 10, "name_en": "Dhamrai, Dhamrai", "name_bn": null, "name_bn_verified": false, "division": "Dhaka", "district": "Dhaka", "upazila": "Dhamrai", "population": null, "source": "geoBoundaries gbOpen BGD ADM4", "source_id": "29066614B76118142618386"}, "geometry": {"type": "Polygon", "coordinates": [[[90.19448257800008, 23.942335655000022], [90.19319968600007, 23.93648766700005], [90.19723588100004, 23.92986009200007], [90.20132110600008, 23.928581790000067], [90.20503691600004, 23.922487339000043], [90.21134919600007, 23.92515407600007], [90.21772536100008, 23.922180853000043], [90.22516247400006, 23.921370772000046], [90.22507972900007, 23.928551089000052], [90.22199899300006, 23.929173724000066], [90.22216657600006, 23.93038269500005], [90.22047165300006, 23.930110213000034], [90.21529218500007, 23.934938033000037], [90.21173457200007, 23.93607993100005], [90.21629578200003, 23.942510285000026], [90.21849530600008, 23.943251214000043], [90.21787878500004, 23.945720754000035], [90.21394014200007, 23.94411062200004], [90.21014583500005, 23.950590384000066], [90.20909234900006, 23.949041640000075], [90.20624773100008, 23.950173406000033], [90.20650205700008, 23.94729455600003], [90.20189358300007, 23.946407041000043], [90.19967771500006, 23.943003033000025], [90.19448257800008, 23.942335655000022]]]}}, {"type": "Feature", "properties": {"id": 38, "thana_id": 10, "name_en": "Dhamrai, Dhamrai Paurashava", "name_bn": null, "name_bn_verified": false, "division": "Dhaka", "district": "Dhaka", "upazila": "Dhamrai", "population": null, "source": "geoBoundaries gbOpen BGD ADM4", "source_id": "29066614B94413895453842"}, "geometry": {"type": "Polygon", "coordinates": [[[90.19723588100004, 23.92986009200007], [90.19610343400007, 23.927863685000034], [90.19767321800003, 23.925863253000045], [90.20012477300008, 23.926011939000034], [90.20246694500008, 23.92394609300004], [90.19854605800003, 23.922146418000068], [90.20310516300003, 23.91500202800006], [90.19913210100003, 23.91404583600007], [90.20416979500004, 23.906278678000035], [90.21132284500004, 23.908200262000037], [90.20951513300008, 23.905569783000033], [90.21580417500007, 23.906147630000078], [90.22133337100007, 23.90094330200003], [90.22010022100005, 23.897560166000062], [90.22207173200007, 23.896451988000024], [90.22438303200005, 23.89693186900007], [90.22356436200005, 23.898774549000052], [90.22511075000006, 23.900021028000026], [90.22495230500004, 23.90284276500006], [90.22686837700007, 23.90196267600004], [90.22848165900007, 23.908913562000066], [90.22686082000007, 23.915751244000035], [90.22481733400008, 23.918173240000044], [90.22516247400006, 23.921370772000046], [90.21772536100008, 23.922180853000043], [90.21134919600007, 23.92515407600007], [90.20503691600004, 23.922487339000043], [90.20132110600008, 23.928581790000067], [90.19723588100004, 23.92986009200007]]]}}, {"type": "Feature", "properties": {"id": 39, "thana_id": 10, "name_en": "Dhamrai, Gangutia", "name_bn": null, "name_bn_verified": false, "division": "Dhaka", "district": "Dhaka", "upazila": "Dhamrai", "population": null, "source": "geoBoundaries gbOpen BGD ADM4", "source_id": "29066614B3342040797903"}, "geometry": {"type": "Polygon", "coordinates": [[[90.08586068500006, 23.911308977000033], [90.08577348300008, 23.915488795000044], [90.08768934200003, 23.91579312400006], [90.08781462300004, 23.92079928900006], [90.09067665000003, 23.924238424000066], [90.08948020800005, 23.92540882700007], [90.09105528700007, 23.92690390100006], [90.09058198400004, 23.928952285000037], [90.09718308600009, 23.93042392800004], [90.09895942000009, 23.93267694900004], [90.09393140700007, 23.935508386000038], [90.09408053000004, 23.941693249000025], [90.09192517100007, 23.94157600400007], [90.09398284400004, 23.94928731400006], [90.09295031000005, 23.959173915000065], [90.08768170600007, 23.96222149600004], [90.08854325700008, 23.959041596000077], [90.08148013100003, 23.960097784000027], [90.07531856700007, 23.96358292000008], [90.07396086800009, 23.960252317000027], [90.07371827900005, 23.957658440000046], [90.06359970300008, 23.951398424000047], [90.06764842500007, 23.941643372000044], [90.06703416300007, 23.937389366000048], [90.06596927000004, 23.93339297500006], [90.06704567800006, 23.928168937000066], [90.07471966400004, 23.925818655000057], [90.07401440500007, 23.92326394300005], [90.06664497600008, 23.91685596800005], [90.06832891500005, 23.908263100000056], [90.07240852100006, 23.905180598000072], [90.07595868500005, 23.90637794500003], [90.08038230300008, 23.910882896000032], [90.08285301600006, 23.910899650000033], [90.08586068500006, 23.911308977000033]]]}}, {"type": "Feature", "properties": {"id": 40, "thana_id": 10, "name_en": "Dhamrai, Jadabpur", "name_bn": null, "name_bn_verified": false, "division": "Dhaka", "district": "Dhaka", "upazila": "Dhamrai", "population": null, "source": "geoBoundaries gbOpen BGD ADM4", "source_id": "29066614B82335637514640"}, "geometry": {"type": "Polygon", "coordinates": [[[90.10983230700003, 24.026414326000065], [90.10915702100004, 24.017888860000028], [90.10215023800004, 24.019037973000025], [90.09903487300005, 24.01776081500003], [90.09607100400007, 24.01888892000005], [90.09498497800007, 24.015456181000047], [90.08965602000006, 24.017117389000077], [90.08945815600003, 24.012270527000055], [90.09334515700004, 24.005008463000024], [90.09791455800007, 24.00240655400006], [90.09949307700003, 23.986639554000078], [90.09815967900005, 23.984493533000034], [90.09762164000006, 23.97700095500005], [90.10822518000003, 23.97545890200007], [90.11292958700005, 23.976335040000038], [90.11269176200005, 23.98120761800004], [90.11493213300008, 23.98427639700003], [90.11576905700008, 23.988503480000077], [90.11899080600006, 23.99313743700003], [90.12301517300006, 23.993761446000065], [90.12293760500006, 23.998460590000036], [90.12883922500004, 23.998282438000047], [90.13019358000008, 24.002292220000072], [90.13341738000008, 24.004205434000028], [90.13471094500005, 24.010127822000072], [90.13891882100006, 24.00968374000007], [90.14145584200008, 24.017470109000044], [90.14442419900007, 24.017169839000076], [90.14529541000007, 24.019954357000074], [90.14784325200009, 24.021370560000037], [90.14817451900007, 24.02566341100004], [90.14693069300006, 24.025791625000068], [90.14755261800008, 24.03354300500007], [90.12889311100008, 24.033239196000068], [90.12456724100008, 24.03103042300006], [90.12369620000004, 24.028677647000052], [90.12064354400007, 24.028553630000033], [90.12015717500003, 24.02536165300006], [90.10983230700003, 24.026414326000065]]]}}, {"type": "Feature", "properties": {"id": 41, "thana_id": 10, "name_en": "Dhamrai, Kulla", "name_bn": null, "name_bn_verified": false, "division": "Dhaka", "district": "Dhaka", "upazila": "Dhamrai", "population": null, "source": "geoBoundaries gbOpen BGD ADM4", "source_id": "29066614B55341938031073"}, "geometry": {"type": "Polygon", "coordinates": [[[90.24576190300007, 23.838399899000024], [90.24380636700005, 23.843864841000027], [90.23865904100006, 23.84530793600004], [90.23808728300008, 23.84679579300007], [90.23612761700008, 23.860049462000063], [90.23689171700005, 23.86538760700006], [90.23202087000004, 23.87110354300006], [90.23430025700009, 23.88171097000003], [90.22907533500006, 23.884447764000072], [90.23015142300005, 23.895641306000073], [90.22686837700007, 23.90196267600004], [90.22495230500004, 23.90284276500006], [90.22511075000006, 23.900021028000026], [90.22356436200005, 23.898774549000052], [90.22438303200005, 23.89693186900007], [90.22207173200007, 23.896451988000024], [90.22010022100005, 23.897560166000062], [90.22133337100007, 23.90094330200003], [90.21580417500007, 23.906147630000078], [90.20951513300008, 23.905569783000033], [90.21132284500004, 23.908200262000037], [90.20416979500004, 23.906278678000035], [90.19913210100003, 23.91404583600007], [90.20310516300003, 23.91500202800006], [90.19854605800003, 23.922146418000068], [90.20246694500008, 23.92394609300004], [90.20012477300008, 23.926011939000034], [90.19767321800003, 23.925863253000045], [90.18808286000007, 23.925019467000027], [90.18935314600003, 23.916559608000057], [90.18611048200006, 23.912741157000028], [90.18257006900006, 23.900307730000065], [90.18533064200005, 23.899845467000034], [90.18478621100007, 23.89544788300003], [90.18184830200005, 23.893726748000063], [90.18468444600006, 23.88582956500005], [90.18657294000008, 23.890744898000037], [90.19007534400004, 23.88801732400003], [90.18857309800006, 23.879408975000047], [90.18412430900008, 23.878516194000042], [90.18786380400007, 23.86798262700006], [90.18779128600005, 23.86686212400008], [90.18486527200008, 23.86617355100003], [90.18489889700004, 23.860238035000066], [90.19601879000004, 23.860715988000038], [90.20335611500008, 23.852206899000066], [90.21048463600005, 23.852381927000067], [90.21139338700004, 23.848619212000074], [90.21904697500008, 23.84268658800005], [90.22115835900007, 23.839309934000028], [90.22741415400003, 23.835302252000076], [90.23960269300005, 23.83211507200008], [90.24576190300007, 23.838399899000024]]]}}, {"type": "Feature", "properties": {"id": 42, "thana_id": 10, "name_en": "Dhamrai, Kushura", "name_bn": null, "name_bn_verified": false, "division": "Dhaka", "district": "Dhaka", "upazila": "Dhamrai", "population": null, "source": "geoBoundaries gbOpen BGD ADM4", "source_id": "29066614B96184740604535"}, "geometry": {"type": "Polygon", "coordinates": [[[90.11493213300008, 23.98427639700003], [90.11269176200005, 23.98120761800004], [90.11292958700005, 23.976335040000038], [90.10822518000003, 23.97545890200007], [90.09762164000006, 23.97700095500005], [90.09815967900005, 23.984493533000034], [90.09195570100007, 23.982461140000055], [90.09043610100008, 23.984414729000036], [90.08904992200007, 23.982994070000075], [90.08815936200006, 23.985737604000064], [90.08652821000004, 23.982271231000027], [90.08792272200003, 23.980633883000053], [90.08710970600004, 23.969875084000023], [90.08142042000009, 23.971636701000023], [90.08068213900003, 23.974381808000032], [90.07339673600006, 23.971287355000072], [90.07192533000006, 23.96846881700003], [90.07531856700007, 23.96358292000008], [90.08148013100003, 23.960097784000027], [90.08854325700008, 23.959041596000077], [90.08768170600007, 23.96222149600004], [90.09295031000005, 23.959173915000065], [90.09398284400004, 23.94928731400006], [90.09939938400004, 23.947797508000065], [90.10684047000007, 23.954323508000073], [90.11155479300004, 23.955847196000036], [90.11471691300005, 23.954930337000064], [90.11539627200005, 23.952825278000034], [90.12611404700004, 23.955414794000035], [90.12752186400007, 23.960924523000074], [90.13082641400007, 23.959913502000063], [90.13023265700008, 23.963546720000068], [90.13539133900008, 23.965269137000064], [90.13834228000007, 23.965012471000023], [90.13907605800006, 23.959255918000053], [90.14289019700004, 23.957840539000074], [90.14508671300007, 23.959048255000027], [90.14987752500008, 23.95871622900006], [90.15100748900005, 23.96317599300005], [90.15843180800005, 23.96545426700004], [90.15934025100006, 23.967086494000057], [90.16680539200007, 23.970009004000076], [90.16495878600006, 23.96117225300003], [90.16775510400004, 23.95666262700007], [90.16838121800004, 23.951581223000062], [90.17019097700006, 23.950994381000044], [90.171727, 23.953602467000053], [90.17028169000008, 23.95552289500006], [90.17250676700007, 23.959109092000062], [90.16931067800004, 23.964821113000028], [90.16954473300007, 23.968811471000038], [90.16573374400008, 23.977036218000023], [90.16842919100009, 23.979759926000042], [90.17227616000008, 23.98087623300006], [90.17461479000008, 23.984921212000074], [90.17333025600004, 23.987604714000042], [90.16965600100008, 23.98669373000007], [90.16491033100004, 23.989951116000043], [90.15807884000003, 23.991856232000032], [90.15503204700008, 23.986947436000037], [90.15446944000007, 23.980425511000078], [90.15215946200004, 23.979508210000063], [90.15208489500009, 23.976175906000037], [90.14602921400007, 23.97583065500004], [90.13661467900005, 23.980045586000074], [90.13514275100005, 23.984618961000024], [90.13329593200007, 23.98323862600006], [90.13018070500004, 23.984294700000078], [90.13025294400006, 23.99044962800008], [90.12293483600007, 23.986485945000027], [90.12093710000005, 23.983926292000035], [90.11493213300008, 23.98427639700003]]]}}, {"type": "Feature", "properties": {"id": 43, "thana_id": 10, "name_en": "Dhamrai, Nannar", "name_bn": null, "name_bn_verified": false, "division": "Dhaka", "district": "Dhaka", "upazila": "Dhamrai", "population": null, "source": "geoBoundaries gbOpen BGD ADM4", "source_id": "29066614B36525499519849"}, "geometry": {"type": "Polygon", "coordinates": [[[90.18184830200005, 23.893726748000063], [90.17628480300004, 23.896542882000062], [90.16482556000005, 23.896643090000055], [90.16460871200007, 23.906258931000025], [90.16297294400005, 23.906786815000032], [90.15943713800004, 23.904435873000068], [90.15868469800006, 23.90725364800005], [90.15336619900006, 23.90707331400006], [90.15256043700003, 23.90408493800004], [90.14972590100007, 23.903688036000062], [90.14886405300007, 23.91222115200003], [90.14634552600006, 23.912032194000062], [90.13874826500006, 23.907761807000043], [90.13908980700006, 23.90386512400005], [90.13271809900004, 23.900380273000053], [90.13157182300006, 23.897136344000046], [90.12363930000004, 23.895933138000032], [90.12480977900003, 23.891343131000042], [90.13697446800006, 23.889883071000042], [90.13847786500008, 23.887667075000024], [90.13532951000008, 23.886801629000047], [90.13532676300008, 23.884750131000033], [90.13834854700008, 23.885571092000077], [90.14379795300005, 23.883352011000056], [90.14678996500004, 23.87871552200005], [90.15350199500006, 23.879836905000047], [90.15897120700004, 23.876904267000043], [90.16397166500008, 23.87802864500003], [90.16486898700003, 23.876404663000073], [90.16656379700004, 23.87650276000005], [90.16713140400003, 23.871763478000048], [90.17040134600006, 23.871368674000053], [90.17364788900005, 23.866103621000036], [90.18486527200008, 23.86617355100003], [90.18779128600005, 23.86686212400008], [90.18786380400007, 23.86798262700006], [90.18412430900008, 23.878516194000042], [90.18857309800006, 23.879408975000047], [90.19007534400004, 23.88801732400003], [90.18657294000008, 23.890744898000037], [90.18468444600006, 23.88582956500005], [90.18184830200005, 23.893726748000063]]]}}, {"type": "Feature", "properties": {"id": 44, "thana_id": 10, "name_en": "Dhamrai, Rowail", "name_bn": null, "name_bn_verified": false, "division": "Dhaka", "district": "Dhaka", "upazila": "Dhamrai", "population": null, "source": "geoBoundaries gbOpen BGD ADM4", "source_id": "29066614B29011634996712"}, "geometry": {"type": "Polygon", "coordinates": [[[90.22115835900007, 23.839309934000028], [90.21904697500008, 23.84268658800005], [90.21139338700004, 23.848619212000074], [90.21048463600005, 23.852381927000067], [90.20335611500008, 23.852206899000066], [90.19601879000004, 23.860715988000038], [90.18489889700004, 23.860238035000066], [90.18486527200008, 23.86617355100003], [90.17364788900005, 23.866103621000036], [90.17199707700007, 23.863661620000073], [90.16660871900007, 23.863874164000038], [90.16233294900007, 23.860892359000047], [90.15504487600003, 23.86084511000007], [90.15904256900006, 23.85742279300007], [90.15846351300007, 23.856226019000076], [90.14535016800005, 23.85794383800004], [90.14012735100005, 23.862084437000078], [90.13468667100005, 23.858882186000073], [90.14774988800008, 23.841973191000022], [90.15093085800004, 23.83423487500005], [90.15068139400006, 23.828131945000052], [90.15430808600007, 23.828792814000053], [90.15567913200005, 23.832978016000027], [90.15968528300004, 23.833162473000073], [90.16628787100007, 23.82866124000003], [90.17187980400007, 23.827795323000032], [90.17215725600005, 23.817849055000067], [90.17370898900003, 23.817978851000078], [90.17532348800006, 23.82212183300004], [90.18099554500003, 23.821313642000064], [90.18540735700003, 23.818302258000074], [90.19513404400004, 23.822226186000023], [90.19773309800007, 23.825026912000055], [90.19719276600006, 23.830302601000028], [90.20393947900004, 23.83079456400003], [90.20339363900007, 23.837900490000038], [90.20638176000006, 23.835711778000075], [90.21408883300006, 23.839877109000042], [90.22115835900007, 23.839309934000028]]]}}, {"type": "Feature", "properties": {"id": 45, "thana_id": 10, "name_en": "Dhamrai, Sanora", "name_bn": null, "name_bn_verified": false, "division": "Dhaka", "district": "Dhaka", "upazila": "Dhamrai", "population": null, "source": "geoBoundaries gbOpen BGD ADM4", "source_id": "29066614B25352158604454"}, "geometry": {"type": "Polygon", "coordinates": [[[90.09895942000009, 23.93267694900004], [90.10520786000006, 23.934786388000077], [90.10819155100006, 23.93183861500006], [90.10996161100007, 23.925346988000058], [90.11768869100007, 23.926723795000044], [90.12354383600007, 23.930822746000047], [90.12413139500006, 23.93608140300006], [90.12832169100005, 23.93733007900005], [90.12941905300005, 23.939286937000077], [90.13293712700005, 23.93951425800003], [90.13664419800006, 23.94247815400007], [90.13959738500006, 23.93165861400007], [90.14778057400008, 23.931159824000076], [90.14870219500006, 23.928270818000044], [90.15049387100004, 23.92818044300003], [90.15590221900004, 23.93035468900007], [90.15712630300004, 23.94080959100006], [90.15443000600004, 23.94552046700005], [90.15837280600005, 23.946317514000043], [90.15870631000007, 23.94880785400005], [90.15656088200006, 23.952227691000076], [90.15802313500006, 23.95424493200005], [90.15690960300003, 23.95740966900007], [90.15793430200006, 23.96099560500005], [90.15986389300008, 23.96179353900004], [90.15843180800005, 23.96545426700004], [90.15100748900005, 23.96317599300005], [90.14987752500008, 23.95871622900006], [90.14508671300007, 23.959048255000027], [90.14289019700004, 23.957840539000074], [90.13907605800006, 23.959255918000053], [90.13834228000007, 23.965012471000023], [90.13539133900008, 23.965269137000064], [90.13023265700008, 23.963546720000068], [90.13082641400007, 23.959913502000063], [90.12752186400007, 23.960924523000074], [90.12611404700004, 23.955414794000035], [90.11539627200005, 23.952825278000034], [90.11471691300005, 23.954930337000064], [90.11155479300004, 23.955847196000036], [90.10684047000007, 23.954323508000073], [90.09939938400004, 23.947797508000065], [90.09398284400004, 23.94928731400006], [90.09192517100007, 23.94157600400007], [90.09408053000004, 23.941693249000025], [90.09393140700007, 23.935508386000038], [90.09895942000009, 23.93267694900004]]]}}, {"type": "Feature", "properties": {"id": 46, "thana_id": 10, "name_en": "Dhamrai, Sombhag", "name_bn": null, "name_bn_verified": false, "division": "Dhaka", "district": "Dhaka", "upazila": "Dhamrai", "population": null, "source": "geoBoundaries gbOpen BGD ADM4", "source_id": "29066614B44183431746807"}, "geometry": {"type": "Polygon", "coordinates": [[[90.16954473300007, 23.968811471000038], [90.16931067800004, 23.964821113000028], [90.17250676700007, 23.959109092000062], [90.17028169000008, 23.95552289500006], [90.171727, 23.953602467000053], [90.17019097700006, 23.950994381000044], [90.16838121800004, 23.951581223000062], [90.16775510400004, 23.95666262700007], [90.16495878600006, 23.96117225300003], [90.16680539200007, 23.970009004000076], [90.15934025100006, 23.967086494000057], [90.15843180800005, 23.96545426700004], [90.15986389300008, 23.96179353900004], [90.15793430200006, 23.96099560500005], [90.15690960300003, 23.95740966900007], [90.15802313500006, 23.95424493200005], [90.15656088200006, 23.952227691000076], [90.15870631000007, 23.94880785400005], [90.15837280600005, 23.946317514000043], [90.15443000600004, 23.94552046700005], [90.15712630300004, 23.94080959100006], [90.16005699000004, 23.94055252900006], [90.16639947600004, 23.929914075000056], [90.16500744300004, 23.929395648000025], [90.16362396900007, 23.932733478000046], [90.16083892100005, 23.931915031000074], [90.15385226500007, 23.920855206000056], [90.15420543700003, 23.917539947000023], [90.15968908500008, 23.91508768700004], [90.16136640700006, 23.915535300000045], [90.16273177100004, 23.92038936000006], [90.16540247100005, 23.91912648400006], [90.15831928500006, 23.91099063400003], [90.15960966400007, 23.909922342000073], [90.15868469800006, 23.90725364800005], [90.15943713800004, 23.904435873000068], [90.16297294400005, 23.906786815000032], [90.16460871200007, 23.906258931000025], [90.16482556000005, 23.896643090000055], [90.17628480300004, 23.896542882000062], [90.18184830200005, 23.893726748000063], [90.18478621100007, 23.89544788300003], [90.18533064200005, 23.899845467000034], [90.18257006900006, 23.900307730000065], [90.18611048200006, 23.912741157000028], [90.18935314600003, 23.916559608000057], [90.18808286000007, 23.925019467000027], [90.19767321800003, 23.925863253000045], [90.19610343400007, 23.927863685000034], [90.19723588100004, 23.92986009200007], [90.19319968600007, 23.93648766700005], [90.19448257800008, 23.942335655000022], [90.18949996300006, 23.942895118000024], [90.18988254700008, 23.950608871000043], [90.18138065100004, 23.953901291000022], [90.17522654700008, 23.967509507000045], [90.16954473300007, 23.968811471000038]]]}}, {"type": "Feature", "properties": {"id": 47, "thana_id": 10, "name_en": "Dhamrai, Suapur", "name_bn": null, "name_bn_verified": false, "division": "Dhaka", "district": "Dhaka", "upazila": "Dhamrai", "population": null, "source": "geoBoundaries gbOpen BGD ADM4", "source_id": "29066614B80264751291975"}, "geometry": {"type": "Polygon", "coordinates": [[[90.12674969500006, 23.866503893000072], [90.13044224500004, 23.864552610000032], [90.13468667100005, 23.858882186000073], [90.14012735100005, 23.862084437000078], [90.14535016800005, 23.85794383800004], [90.15846351300007, 23.856226019000076], [90.15904256900006, 23.85742279300007], [90.15504487600003, 23.86084511000007], [90.16233294900007, 23.860892359000047], [90.16660871900007, 23.863874164000038], [90.17199707700007, 23.863661620000073], [90.17364788900005, 23.866103621000036], [90.17040134600006, 23.871368674000053], [90.16713140400003, 23.871763478000048], [90.16656379700004, 23.87650276000005], [90.16486898700003, 23.876404663000073], [90.16397166500008, 23.87802864500003], [90.15897120700004, 23.876904267000043], [90.15350199500006, 23.879836905000047], [90.14678996500004, 23.87871552200005], [90.14379795300005, 23.883352011000056], [90.13834854700008, 23.885571092000077], [90.13532676300008, 23.884750131000033], [90.13532951000008, 23.886801629000047], [90.13847786500008, 23.887667075000024], [90.13697446800006, 23.889883071000042], [90.12480977900003, 23.891343131000042], [90.12363930000004, 23.895933138000032], [90.13157182300006, 23.897136344000046], [90.13271809900004, 23.900380273000053], [90.12673407300008, 23.900261122000074], [90.12615748900004, 23.903719901000045], [90.12331374100006, 23.90226007700005], [90.12209564400007, 23.904361660000063], [90.11764095000007, 23.90452037800003], [90.11684361000005, 23.902798043000075], [90.11890585000003, 23.895100800000023], [90.11445173300007, 23.890327128000024], [90.11346158300006, 23.887018021000074], [90.11266522900007, 23.88518162500003], [90.11604749300005, 23.875580396000032], [90.11798277400004, 23.873502580000036], [90.12167190300005, 23.873448900000028], [90.12674969500006, 23.866503893000072]]]}}, {"type": "Feature", "properties": {"id": 48, "thana_id": 10, "name_en": "Dhamrai, Suti Para", "name_bn": null, "name_bn_verified": false, "division": "Dhaka", "district": "Dhaka", "upazila": "Dhamrai", "population": null, "source": "geoBoundaries gbOpen BGD ADM4", "source_id": "29066614B64482576608212"}, "geometry": {"type": "Polygon", "coordinates": [[[90.11346158300006, 23.887018021000074], [90.11445173300007, 23.890327128000024], [90.11890585000003, 23.895100800000023], [90.11684361000005, 23.902798043000075], [90.11764095000007, 23.90452037800003], [90.12209564400007, 23.904361660000063], [90.12331374100006, 23.90226007700005], [90.12615748900004, 23.903719901000045], [90.12673407300008, 23.900261122000074], [90.13271809900004, 23.900380273000053], [90.13908980700006, 23.90386512400005], [90.13874826500006, 23.907761807000043], [90.14634552600006, 23.912032194000062], [90.14886405300007, 23.91222115200003], [90.14972590100007, 23.903688036000062], [90.15256043700003, 23.90408493800004], [90.15336619900006, 23.90707331400006], [90.15868469800006, 23.90725364800005], [90.15960966400007, 23.909922342000073], [90.15831928500006, 23.91099063400003], [90.16540247100005, 23.91912648400006], [90.16273177100004, 23.92038936000006], [90.16136640700006, 23.915535300000045], [90.15968908500008, 23.91508768700004], [90.15420543700003, 23.917539947000023], [90.15385226500007, 23.920855206000056], [90.16083892100005, 23.931915031000074], [90.16362396900007, 23.932733478000046], [90.16500744300004, 23.929395648000025], [90.16639947600004, 23.929914075000056], [90.16005699000004, 23.94055252900006], [90.15712630300004, 23.94080959100006], [90.15590221900004, 23.93035468900007], [90.15049387100004, 23.92818044300003], [90.14870219500006, 23.928270818000044], [90.14778057400008, 23.931159824000076], [90.13959738500006, 23.93165861400007], [90.13664419800006, 23.94247815400007], [90.13293712700005, 23.93951425800003], [90.12941905300005, 23.939286937000077], [90.12832169100005, 23.93733007900005], [90.12413139500006, 23.93608140300006], [90.12354383600007, 23.930822746000047], [90.11768869100007, 23.926723795000044], [90.10996161100007, 23.925346988000058], [90.10819155100006, 23.93183861500006], [90.10520786000006, 23.934786388000077], [90.09895942000009, 23.93267694900004], [90.09718308600009, 23.93042392800004], [90.09058198400004, 23.928952285000037], [90.09105528700007, 23.92690390100006], [90.08948020800005, 23.92540882700007], [90.09067665000003, 23.924238424000066], [90.08781462300004, 23.92079928900006], [90.08768934200003, 23.91579312400006], [90.08577348300008, 23.915488795000044], [90.08586068500006, 23.911308977000033], [90.09322706600005, 23.904880912000067], [90.09311940800006, 23.90117258500004], [90.09783695900006, 23.902013063000027], [90.10800067100007, 23.895784583000022], [90.11346158300006, 23.887018021000074]]]}}, {"type": "Feature", "properties": {"id": 49, "thana_id": 11, "name_en": "Dhanmondi, Ward No-47 (Part)", "name_bn": "ওয়ার্ড ৪৭", "name_bn_verified": false, "division": "Dhaka", "district": "Dhaka", "upazila": "Dhanmondi", "population": null, "source": "geoBoundaries gbOpen BGD ADM4", "source_id": "29066614B81757390964535"}, "geometry": {"type": "Polygon", "coordinates": [[[90.36386487200008, 23.748789559000045], [90.36636062300005, 23.743462167000075], [90.37196100300008, 23.743820049000078], [90.36758308600008, 23.75042928000005], [90.36386487200008, 23.748789559000045]]]}}, {"type": "Feature", "properties": {"id": 50, "thana_id": 11, "name_en": "Dhanmondi, Ward No-48 (Part)", "name_bn": "ওয়ার্ড ৪৮", "name_bn_verified": false, "division": "Dhaka", "district": "Dhaka", "upazila": "Dhanmondi", "population": null, "source": "geoBoundaries gbOpen BGD ADM4", "source_id": "29066614B96540954524188"}, "geometry": {"type": "Polygon", "coordinates": [[[90.37635927200006, 23.73828847300007], [90.37564755700004, 23.739236926000046], [90.37253193300006, 23.738268386000072], [90.36933500100008, 23.742846728000075], [90.36652369400008, 23.742143509000073], [90.37028941100004, 23.73248650200003], [90.37026637700006, 23.736020774000053], [90.37635927200006, 23.73828847300007]]]}}, {"type": "Feature", "properties": {"id": 51, "thana_id": 11, "name_en": "Dhanmondi, Ward No-49", "name_bn": "ওয়ার্ড ৪৯", "name_bn_verified": false, "division": "Dhaka", "district": "Dhaka", "upazila": "Dhanmondi", "population": null, "source": "geoBoundaries gbOpen BGD ADM4", "source_id": "29066614B95960039820180"}, "geometry": {"type": "Polygon", "coordinates": [[[90.36729175600004, 23.75224098800004], [90.36758308600008, 23.75042928000005], [90.37196100300008, 23.743820049000078], [90.36636062300005, 23.743462167000075], [90.36652369400008, 23.742143509000073], [90.36933500100008, 23.742846728000075], [90.37253193300006, 23.738268386000072], [90.37564755700004, 23.739236926000046], [90.37635927200006, 23.73828847300007], [90.38124331500006, 23.737811831000045], [90.38353331100006, 23.738472226000056], [90.38320792300004, 23.74009120200003], [90.37823566900005, 23.75126839400008], [90.37496919300008, 23.756923289000042], [90.36729175600004, 23.75224098800004]]]}}, {"type": "Feature", "properties": {"id": 52, "thana_id": 12, "name_en": "Dohar, Bilaspur", "name_bn": null, "name_bn_verified": false, "division": "Dhaka", "district": "Dhaka", "upazila": "Dohar", "population": null, "source": "geoBoundaries gbOpen BGD ADM4", "source_id": "29066614B54635039188546"}, "geometry": {"type": "Polygon", "coordinates": [[[90.12227296900005, 23.597812328000032], [90.11926082900004, 23.599867379000045], [90.11880193600007, 23.606612985000027], [90.11391760200007, 23.609041955000066], [90.11010729500003, 23.615385168000046], [90.10710181500008, 23.616938091000065], [90.10322922100005, 23.616045901000064], [90.10229774600003, 23.62211147900007], [90.09931830100004, 23.621951952000074], [90.09456916500005, 23.620253932000026], [90.08054733000006, 23.60912100200005], [90.09998183600004, 23.594438147000062], [90.11325640300004, 23.590324743000053], [90.12356005700008, 23.58507220100006], [90.13426455300004, 23.574856215000068], [90.13512937700006, 23.57783065600006], [90.13802639600004, 23.579155938000042], [90.13378137800004, 23.58279480300007], [90.13016474400007, 23.589063837000026], [90.13519497400006, 23.589248101000067], [90.13566473100008, 23.591855919000068], [90.12554476400004, 23.592229128000042], [90.12227296900005, 23.597812328000032]]]}}, {"type": "Feature", "properties": {"id": 53, "thana_id": 12, "name_en": "Dohar, Dohar Paurashava", "name_bn": null, "name_bn_verified": false, "division": "Dhaka", "district": "Dhaka", "upazila": "Dohar", "population": null, "source": "geoBoundaries gbOpen BGD ADM4", "source_id": "29066614B96428290024359"}, "geometry": {"type": "Polygon", "coordinates": [[[90.15613483500005, 23.629148916000076], [90.14993756400008, 23.629994512000053], [90.14534454400007, 23.633744661000037], [90.14663988300003, 23.63644875600005], [90.14922698100008, 23.63639660900003], [90.14737195000004, 23.63872883700003], [90.14607144000007, 23.63912920100006], [90.14387469500008, 23.63643441000005], [90.14376970500007, 23.638210010000023], [90.13944875400006, 23.64035584900006], [90.13646367100006, 23.638150558000063], [90.13812306300008, 23.637236780000023], [90.13501473500008, 23.63635938500005], [90.13580581500008, 23.64317109600006], [90.13391311900006, 23.644349824000074], [90.13423808500005, 23.642116755000075], [90.13029482400003, 23.639483116000065], [90.12813756500003, 23.640514084000074], [90.12658986900004, 23.63629818000004], [90.12624102700005, 23.633884454000054], [90.12457786200008, 23.633117448000064], [90.12456937000007, 23.629647739000063], [90.12298654700004, 23.63119078400007], [90.12189735000004, 23.62818542100007], [90.11689320800008, 23.62970678000005], [90.11632200100007, 23.627136816000075], [90.11062158700008, 23.63064514200005], [90.10550295400003, 23.631415365000066], [90.10715007800007, 23.629196687000046], [90.09902718300003, 23.62592035800003], [90.09931830100004, 23.621951952000074], [90.10229774600003, 23.62211147900007], [90.10322922100005, 23.616045901000064], [90.10710181500008, 23.616938091000065], [90.11010729500003, 23.615385168000046], [90.11391760200007, 23.609041955000066], [90.11880193600007, 23.606612985000027], [90.11926082900004, 23.599867379000045], [90.12227296900005, 23.597812328000032], [90.12691298300007, 23.599903656000038], [90.13079893200006, 23.605315602000076], [90.13297946800003, 23.606086620000042], [90.13211272100006, 23.615087983000024], [90.13370940100003, 23.616630660000055], [90.13792215400008, 23.617129421000072], [90.13531835900005, 23.619949380000037], [90.13832384100004, 23.61981914300003], [90.13886841500005, 23.618254291000028], [90.14268457500003, 23.619937701000026], [90.14453686600007, 23.618621717000053], [90.15183149600006, 23.622218834000023], [90.15530022700005, 23.622092895000037], [90.16069610500006, 23.62612561800006], [90.15820100300004, 23.629139484000063], [90.15613483500005, 23.629148916000076]]]}}, {"type": "Feature", "properties": {"id": 54, "thana_id": 12, "name_en": "Dohar, Kushumhati", "name_bn": null, "name_bn_verified": false, "division": "Dhaka", "district": "Dhaka", "upazila": "Dohar", "population": null, "source": "geoBoundaries gbOpen BGD ADM4", "source_id": "29066614B78477810025809"}, "geometry": {"type": "Polygon", "coordinates": [[[90.06970764500005, 23.654856437000035], [90.05846363900008, 23.64924947700007], [90.05035623400005, 23.63769319000005], [90.04536302400004, 23.63883342500003], [90.04340711800006, 23.637365593000027], [90.04151748700008, 23.637998405000076], [90.03898167700004, 23.629411703000073], [90.04476068000008, 23.629011571000035], [90.04447020700007, 23.628015224000023], [90.04961507500008, 23.627951563000067], [90.06420624100008, 23.624064367000074], [90.08054733000006, 23.60912100200005], [90.09456916500005, 23.620253932000026], [90.09931830100004, 23.621951952000074], [90.09902718300003, 23.62592035800003], [90.09706186000005, 23.63009757100008], [90.09379998800006, 23.630253700000026], [90.09352810800004, 23.63309749800004], [90.09996668100007, 23.63463357300003], [90.09961321700007, 23.637608971000077], [90.10371819300008, 23.640617018000057], [90.10460298900006, 23.64551896000006], [90.10025557600005, 23.647069257000055], [90.09801248300005, 23.649769794000065], [90.09208910700005, 23.647226751000062], [90.08700003600006, 23.647043389000032], [90.08552090900008, 23.647894421000046], [90.08692429800004, 23.648818934000076], [90.08615511800008, 23.651054973000043], [90.08119379500005, 23.652542976000063], [90.07579773200007, 23.651714129000027], [90.07408501400005, 23.654250906000073], [90.06970764500005, 23.654856437000035]]]}}, {"type": "Feature", "properties": {"id": 55, "thana_id": 12, "name_en": "Dohar, Mahmudpur", "name_bn": null, "name_bn_verified": false, "division": "Dhaka", "district": "Dhaka", "upazila": "Dohar", "population": null, "source": "geoBoundaries gbOpen BGD ADM4", "source_id": "29066614B77163540325757"}, "geometry": {"type": "Polygon", "coordinates": [[[90.08054733000006, 23.60912100200005], [90.06420624100008, 23.624064367000074], [90.04961507500008, 23.627951563000067], [90.04447020700007, 23.628015224000023], [90.04327038000008, 23.623109059000058], [90.04761215300005, 23.61305935400003], [90.039007, 23.609392738000054], [90.04054123200007, 23.598901283000032], [90.04281770900008, 23.595215276000033], [90.05564064500004, 23.584081059000027], [90.04648820300008, 23.57393396300006], [90.05714337500007, 23.571747281000057], [90.07403576400009, 23.565494494000063], [90.07816954700007, 23.561423728000022], [90.10200941900007, 23.568579750000026], [90.11380579400009, 23.565358122000077], [90.12993129200004, 23.565031027000032], [90.13426455300004, 23.574856215000068], [90.12356005700008, 23.58507220100006], [90.11325640300004, 23.590324743000053], [90.09998183600004, 23.594438147000062], [90.08054733000006, 23.60912100200005]]]}}, {"type": "Feature", "properties": {"id": 56, "thana_id": 12, "name_en": "Dohar, Muksudpur", "name_bn": null, "name_bn_verified": false, "division": "Dhaka", "district": "Dhaka", "upazila": "Dohar", "population": null, "source": "geoBoundaries gbOpen BGD ADM4", "source_id": "29066614B86855293614733"}, "geometry": {"type": "Polygon", "coordinates": [[[90.20567178900006, 23.568944052000063], [90.20121459900008, 23.57097154400003], [90.19739387200008, 23.57724974100006], [90.19204234100005, 23.57719321600007], [90.19021126900003, 23.580599713000026], [90.18348099400004, 23.58066708100006], [90.18257447900004, 23.576027536000026], [90.17725195300005, 23.574039135000078], [90.17947325600005, 23.56600695900005], [90.17043321900007, 23.565822926000067], [90.16487268700007, 23.561584047000053], [90.16898752200007, 23.556240651000053], [90.16901560600007, 23.550664523000023], [90.16108017700003, 23.550509789000046], [90.15956140800006, 23.549188038000068], [90.15440841200007, 23.554550292000044], [90.15364873200008, 23.552444129000037], [90.15161149700003, 23.55474160500006], [90.14809340000005, 23.555145828000036], [90.14725049500004, 23.55190834600006], [90.15061256000007, 23.551150883000048], [90.15191384500008, 23.548991890000025], [90.14917980300004, 23.547819134000065], [90.14455575100004, 23.54860823000007], [90.14309891300007, 23.546059484000068], [90.14857917100005, 23.54000796500003], [90.15825715400007, 23.522147180000047], [90.17004965200005, 23.527356885000074], [90.17431140100007, 23.52458246300006], [90.17645181900008, 23.526845613000035], [90.17814170900004, 23.53663984700006], [90.18096019000006, 23.53886940800004], [90.18158762500008, 23.541400139000075], [90.18045039000003, 23.54938707900004], [90.17745223600008, 23.551467520000074], [90.17716190100003, 23.55575845800007], [90.18114043300005, 23.555792265000036], [90.18576218200008, 23.562928972000066], [90.19221058300008, 23.559380824000073], [90.20346705300005, 23.56426343100003], [90.20567178900006, 23.568944052000063]]]}}, {"type": "Feature", "properties": {"id": 57, "thana_id": 12, "name_en": "Dohar, Narisha", "name_bn": null, "name_bn_verified": false, "division": "Dhaka", "district": "Dhaka", "upazila": "Dohar", "population": null, "source": "geoBoundaries gbOpen BGD ADM4", "source_id": "29066614B50759549873073"}, "geometry": {"type": "Polygon", "coordinates": [[[90.13426455300004, 23.574856215000068], [90.12993129200004, 23.565031027000032], [90.13499457400007, 23.56160100200003], [90.13637965800007, 23.553951217000076], [90.14309891300007, 23.546059484000068], [90.14455575100004, 23.54860823000007], [90.14917980300004, 23.547819134000065], [90.15191384500008, 23.548991890000025], [90.15061256000007, 23.551150883000048], [90.14725049500004, 23.55190834600006], [90.14809340000005, 23.555145828000036], [90.15161149700003, 23.55474160500006], [90.15364873200008, 23.552444129000037], [90.15440841200007, 23.554550292000044], [90.15956140800006, 23.549188038000068], [90.16108017700003, 23.550509789000046], [90.16901560600007, 23.550664523000023], [90.16898752200007, 23.556240651000053], [90.16487268700007, 23.561584047000053], [90.17043321900007, 23.565822926000067], [90.17947325600005, 23.56600695900005], [90.17725195300005, 23.574039135000078], [90.18257447900004, 23.576027536000026], [90.18348099400004, 23.58066708100006], [90.18085073100008, 23.58126463800005], [90.18288348900006, 23.585094997000056], [90.18210569900003, 23.59007637800005], [90.17740655700004, 23.596558904000062], [90.17371169900008, 23.595632137000052], [90.16806296000004, 23.591509228000064], [90.16611078200003, 23.59327950100004], [90.16317383100005, 23.590109272000063], [90.16160504600003, 23.591854246000025], [90.15978006300008, 23.590734934000068], [90.15680814900008, 23.59224531500007], [90.14728350400009, 23.586732195000025], [90.14210078300005, 23.58735351300004], [90.13802639600004, 23.579155938000042], [90.13512937700006, 23.57783065600006], [90.13426455300004, 23.574856215000068]]]}}, {"type": "Feature", "properties": {"id": 58, "thana_id": 12, "name_en": "Dohar, Nayabari", "name_bn": null, "name_bn_verified": false, "division": "Dhaka", "district": "Dhaka", "upazila": "Dohar", "population": null, "source": "geoBoundaries gbOpen BGD ADM4", "source_id": "29066614B80872758697684"}, "geometry": {"type": "Polygon", "coordinates": [[[90.00769718900006, 23.634942220000028], [90.02188878300007, 23.631501068000034], [90.03898167700004, 23.629411703000073], [90.04151748700008, 23.637998405000076], [90.04340711800006, 23.637365593000027], [90.04536302400004, 23.63883342500003], [90.05035623400005, 23.63769319000005], [90.05846363900008, 23.64924947700007], [90.06970764500005, 23.654856437000035], [90.06747514600005, 23.658783852000056], [90.05906404200005, 23.654990703000067], [90.05418084600007, 23.655310892000045], [90.05281309200006, 23.65878897700003], [90.04591060100006, 23.659164906000058], [90.04453274500008, 23.652579858000024], [90.04202445200008, 23.650103885000078], [90.03948355000006, 23.657095350000077], [90.03578926800003, 23.656502344000046], [90.03558894200006, 23.657944245000067], [90.03245869800008, 23.65814591000003], [90.03251791900004, 23.660940973000038], [90.02920824000006, 23.66625797300003], [90.02794411400004, 23.666374503000043], [90.02732526600005, 23.664393054000072], [90.02444823500008, 23.664267075000055], [90.02301660200004, 23.668493494000074], [90.02055118700008, 23.665207611000028], [90.02061330300006, 23.65873393800007], [90.01830032400005, 23.65249541000003], [90.00715939800006, 23.644709508000062], [90.00769718900006, 23.634942220000028]]]}}, {"type": "Feature", "properties": {"id": 59, "thana_id": 12, "name_en": "Dohar, Roypara", "name_bn": null, "name_bn_verified": false, "division": "Dhaka", "district": "Dhaka", "upazila": "Dohar", "population": null, "source": "geoBoundaries gbOpen BGD ADM4", "source_id": "29066614B81043017376867"}, "geometry": {"type": "Polygon", "coordinates": [[[90.10460298900006, 23.64551896000006], [90.10371819300008, 23.640617018000057], [90.09961321700007, 23.637608971000077], [90.09996668100007, 23.63463357300003], [90.09352810800004, 23.63309749800004], [90.09379998800006, 23.630253700000026], [90.09706186000005, 23.63009757100008], [90.09902718300003, 23.62592035800003], [90.10715007800007, 23.629196687000046], [90.10550295400003, 23.631415365000066], [90.11062158700008, 23.63064514200005], [90.11632200100007, 23.627136816000075], [90.11689320800008, 23.62970678000005], [90.12189735000004, 23.62818542100007], [90.12298654700004, 23.63119078400007], [90.12456937000007, 23.629647739000063], [90.12457786200008, 23.633117448000064], [90.12624102700005, 23.633884454000054], [90.12658986900004, 23.63629818000004], [90.12143330100008, 23.63793158800007], [90.12354877300004, 23.643946306000032], [90.12273010100006, 23.64629942700003], [90.10460298900006, 23.64551896000006]]]}}, {"type": "Feature", "properties": {"id": 60, "thana_id": 12, "name_en": "Dohar, Sutar Para", "name_bn": null, "name_bn_verified": false, "division": "Dhaka", "district": "Dhaka", "upazila": "Dohar", "population": null, "source": "geoBoundaries gbOpen BGD ADM4", "source_id": "29066614B49851586354209"}, "geometry": {"type": "Polygon", "coordinates": [[[90.16069610500006, 23.62612561800006], [90.15530022700005, 23.622092895000037], [90.15183149600006, 23.622218834000023], [90.14453686600007, 23.618621717000053], [90.14268457500003, 23.619937701000026], [90.13886841500005, 23.618254291000028], [90.13832384100004, 23.61981914300003], [90.13531835900005, 23.619949380000037], [90.13792215400008, 23.617129421000072], [90.13370940100003, 23.616630660000055], [90.13211272100006, 23.615087983000024], [90.13297946800003, 23.606086620000042], [90.13079893200006, 23.605315602000076], [90.12691298300007, 23.599903656000038], [90.12227296900005, 23.597812328000032], [90.12554476400004, 23.592229128000042], [90.13566473100008, 23.591855919000068], [90.13519497400006, 23.589248101000067], [90.13016474400007, 23.589063837000026], [90.13378137800004, 23.58279480300007], [90.13802639600004, 23.579155938000042], [90.14210078300005, 23.58735351300004], [90.14728350400009, 23.586732195000025], [90.15680814900008, 23.59224531500007], [90.15978006300008, 23.590734934000068], [90.16160504600003, 23.591854246000025], [90.16317383100005, 23.590109272000063], [90.16611078200003, 23.59327950100004], [90.16806296000004, 23.591509228000064], [90.17371169900008, 23.595632137000052], [90.17740655700004, 23.596558904000062], [90.18025626000008, 23.600532315000066], [90.17603363600006, 23.60612450800005], [90.17339253800003, 23.605649306000032], [90.17021456900005, 23.608086597000067], [90.16812792400003, 23.615798921000078], [90.16890274600007, 23.618732042000033], [90.16468735000007, 23.61968275600003], [90.16412340500005, 23.621687501000054], [90.16090664400008, 23.624675638000042], [90.16280533000008, 23.62852162100006], [90.15902270000004, 23.630157653000026], [90.16096205000008, 23.62814812000005], [90.16069610500006, 23.62612561800006]]]}}, {"type": "Feature", "properties": {"id": 61, "thana_id": 13, "name_en": "Gendaria, Ward No-76 (Part)", "name_bn": "ওয়ার্ড ৭৬", "name_bn_verified": false, "division": "Dhaka", "district": "Dhaka", "upazila": "Gendaria", "population": null, "source": "geoBoundaries gbOpen BGD ADM4", "source_id": "29066614B81592776417836"}, "geometry": {"type": "Polygon", "coordinates": [[[90.41986408300005, 23.717024664000064], [90.41804655900006, 23.71049468700005], [90.41895931700003, 23.71044969600007], [90.42356781400008, 23.709902388000046], [90.42402257400005, 23.710156211000026], [90.42353836400008, 23.712141159000055], [90.42562344200007, 23.71098386600005], [90.42651379300008, 23.712084353000023], [90.42560761000004, 23.715506255000037], [90.42603262600005, 23.716382382000063], [90.42429840000005, 23.717860870000038], [90.42238120000007, 23.716048605000026], [90.41986408300005, 23.717024664000064]]]}}, {"type": "Feature", "properties": {"id": 62, "thana_id": 13, "name_en": "Gendaria, Ward No-80 (Part)", "name_bn": "ওয়ার্ড ৮০", "name_bn_verified": false, "division": "Dhaka", "district": "Dhaka", "upazila": "Gendaria", "population": null, "source": "geoBoundaries gbOpen BGD ADM4", "source_id": "29066614B55650577531244"}, "geometry": {"type": "Polygon", "coordinates": [[[90.41895931700003, 23.71044969600007], [90.42061717900003, 23.708621686000072], [90.42356781400008, 23.709902388000046], [90.41895931700003, 23.71044969600007]]]}}, {"type": "Feature", "properties": {"id": 63, "thana_id": 13, "name_en": "Gendaria, Ward No-81", "name_bn": "ওয়ার্ড ৮১", "name_bn_verified": false, "division": "Dhaka", "district": "Dhaka", "upazila": "Gendaria", "population": null, "source": "geoBoundaries gbOpen BGD ADM4", "source_id": "29066614B4655277450481"}, "geometry": {"type": "Polygon", "coordinates": [[[90.42356781400008, 23.709902388000046], [90.42061717900003, 23.708621686000072], [90.41815365700006, 23.70478405700004], [90.41765752500004, 23.702370518000066], [90.41937710600007, 23.70226365600007], [90.42428949500004, 23.70283492300007], [90.42549126600005, 23.70131535300004], [90.42863699600008, 23.702740068000026], [90.42412663400006, 23.71018506100006], [90.42402257400005, 23.710156211000026], [90.42356781400008, 23.709902388000046]]]}}, {"type": "Feature", "properties": {"id": 64, "thana_id": 13, "name_en": "Gendaria, Ward No-82", "name_bn": "ওয়ার্ড ৮২", "name_bn_verified": false, "division": "Dhaka", "district": "Dhaka", "upazila": "Gendaria", "population": null, "source": "geoBoundaries gbOpen BGD ADM4", "source_id": "29066614B11476714571294"}, "geometry": {"type": "Polygon", "coordinates": [[[90.42029088500004, 23.695989078000025], [90.42379293000005, 23.69821373700006], [90.42351055400007, 23.70000561200004], [90.42478098500004, 23.699301906000073], [90.42572932200005, 23.700478626000063], [90.42627741300004, 23.699179860000072], [90.42652481200008, 23.701416213000073], [90.42917416500006, 23.70171778100007], [90.42863699600008, 23.702740068000026], [90.42549126600005, 23.70131535300004], [90.42428949500004, 23.70283492300007], [90.41937710600007, 23.70226365600007], [90.41708008700004, 23.699702996000042], [90.42029088500004, 23.695989078000025]]]}}, {"type": "Feature", "properties": {"id": 65, "thana_id": 14, "name_en": "Gulshan, Ward No-18", "name_bn": "ওয়ার্ড ১৮", "name_bn_verified": false, "division": "Dhaka", "district": "Dhaka", "upazila": "Gulshan", "population": null, "source": "geoBoundaries gbOpen BGD ADM4", "source_id": "29066614B29541920717212"}, "geometry": {"type": "Polygon", "coordinates": [[[90.42336278500005, 23.80729148200004], [90.42018258000007, 23.81056496900004], [90.42108926900005, 23.811909626000045], [90.41532555300006, 23.811029380000036], [90.41307965300007, 23.80978191300005], [90.41550687600005, 23.806406166000045], [90.41796055900005, 23.80389944800004], [90.41835158000004, 23.797668679000026], [90.42195079500004, 23.79259795200005], [90.42202321100007, 23.78873135300006], [90.42610454200008, 23.789075811000032], [90.42224814300005, 23.806665991000045], [90.42336278500005, 23.80729148200004]]]}}, {"type": "Feature", "properties": {"id": 66, "thana_id": 14, "name_en": "Gulshan, Ward No-19", "name_bn": "ওয়ার্ড ১৯", "name_bn_verified": false, "division": "Dhaka", "district": "Dhaka", "upazila": "Gulshan", "population": null, "source": "geoBoundaries gbOpen BGD ADM4", "source_id": "29066614B98859477184196"}, "geometry": {"type": "Polygon", "coordinates": [[[90.41550687600005, 23.806406166000045], [90.41228515900008, 23.80456293700007], [90.40679816500005, 23.805055370000048], [90.40672969200006, 23.801047443000073], [90.40455683300007, 23.79971025100008], [90.40239795900004, 23.800474930000064], [90.39905618700004, 23.786079708000045], [90.40650331600006, 23.785229620000052], [90.41085557700006, 23.782537169000022], [90.41395299500005, 23.772226388000036], [90.41520743100006, 23.770258882000064], [90.41756887700006, 23.76983476500004], [90.42044219400003, 23.777199894000034], [90.42202321100007, 23.78873135300006], [90.42195079500004, 23.79259795200005], [90.41835158000004, 23.797668679000026], [90.41796055900005, 23.80389944800004], [90.41550687600005, 23.806406166000045]]]}}, {"type": "Feature", "properties": {"id": 67, "thana_id": 14, "name_en": "Gulshan, Ward No-20 (Part)", "name_bn": "ওয়ার্ড ২০", "name_bn_verified": false, "division": "Dhaka", "district": "Dhaka", "upazila": "Gulshan", "population": null, "source": "geoBoundaries gbOpen BGD ADM4", "source_id": "29066614B95325106305684"}, "geometry": {"type": "Polygon", "coordinates": [[[90.39905618700004, 23.786079708000045], [90.39782497500005, 23.77810970200005], [90.39786025200004, 23.77810454100006], [90.40003547100008, 23.77334372400003], [90.40007113000007, 23.773331894000023], [90.41395299500005, 23.772226388000036], [90.41085557700006, 23.782537169000022], [90.40650331600006, 23.785229620000052], [90.39905618700004, 23.786079708000045]]]}}, {"type": "Feature", "properties": {"id": 68, "thana_id": 15, "name_en": "Hazaribagh, Ward No-46 (Part)", "name_bn": "ওয়ার্ড ৪৬", "name_bn_verified": false, "division": "Dhaka", "district": "Dhaka", "upazila": "Hazaribagh", "population": null, "source": "geoBoundaries gbOpen BGD ADM4", "source_id": "29066614B98588747191201"}, "geometry": {"type": "Polygon", "coordinates": [[[90.34208051500008, 23.748348544000066], [90.35055240100007, 23.740146456000048], [90.34811823100006, 23.74498026200007], [90.35103206200006, 23.746215533000054], [90.35499154600006, 23.753897809000023], [90.35648154700004, 23.754022312000075], [90.35149464400007, 23.75807231400006], [90.34650416300008, 23.75389103200007], [90.33942653500009, 23.752031807000037], [90.33786858600007, 23.750300095000057], [90.34208051500008, 23.748348544000066]]]}}, {"type": "Feature", "properties": {"id": 69, "thana_id": 15, "name_en": "Hazaribagh, Ward No-48 (Part)", "name_bn": "ওয়ার্ড ৪৮", "name_bn_verified": false, "division": "Dhaka", "district": "Dhaka", "upazila": "Hazaribagh", "population": null, "source": "geoBoundaries gbOpen BGD ADM4", "source_id": "29066614B47459666487453"}, "geometry": {"type": "Polygon", "coordinates": [[[90.35861872700008, 23.72770887400003], [90.36027857300007, 23.72776716100003], [90.36185117600007, 23.728119711000033], [90.36157851200005, 23.73175256600007], [90.36385712500004, 23.73326303300007], [90.36524895900004, 23.732003493000036], [90.37061120300007, 23.731994411000073], [90.37028941100004, 23.73248650200003], [90.36652369400008, 23.742143509000073], [90.36636062300005, 23.743462167000075], [90.36386487200008, 23.748789559000045], [90.35616959000004, 23.74538959100005], [90.35462373200005, 23.74751127600007], [90.35341388700004, 23.745533099000056], [90.35103206200006, 23.746215533000054], [90.34811823100006, 23.74498026200007], [90.35055240100007, 23.740146456000048], [90.35383403400004, 23.738512153000045], [90.35725427800008, 23.73024401600003], [90.35861872700008, 23.72770887400003]]]}}, {"type": "Feature", "properties": {"id": 70, "thana_id": 15, "name_en": "Hazaribagh, Ward No-58", "name_bn": "ওয়ার্ড ৫৮", "name_bn_verified": false, "division": "Dhaka", "district": "Dhaka", "upazila": "Hazaribagh", "population": null, "source": "geoBoundaries gbOpen BGD ADM4", "source_id": "29066614B40299365943006"}, "geometry": {"type": "Polygon", "coordinates": [[[90.36027857300007, 23.72776716100003], [90.36064479600003, 23.72536759700006], [90.36557370800006, 23.724589801000036], [90.36512315900006, 23.72333737500003], [90.37345110300004, 23.722073359000035], [90.37565833800005, 23.72171987200005], [90.37728242300005, 23.726007046000063], [90.37557919900007, 23.72959124600004], [90.37061120300007, 23.731994411000073], [90.36524895900004, 23.732003493000036], [90.36385712500004, 23.73326303300007], [90.36157851200005, 23.73175256600007], [90.36185117600007, 23.728119711000033], [90.36027857300007, 23.72776716100003]]]}}, {"type": "Feature", "properties": {"id": 71, "thana_id": 16, "name_en": "Jatrabari, Dhania (part)", "name_bn": null, "name_bn_verified": false, "division": "Dhaka", "district": "Dhaka", "upazila": "Jatrabari", "population": null, "source": "geoBoundaries gbOpen BGD ADM4", "source_id": "29066614B78557855122349"}, "geometry": {"type": "Polygon", "coordinates": [[[90.45500746800008, 23.700476429000048], [90.45595864600006, 23.70233094200006], [90.45415344800006, 23.704546393000044], [90.44815483900004, 23.705034134000073], [90.44642390900003, 23.706602890000056], [90.44384175100004, 23.705575529000043], [90.44010020400003, 23.708454732000064], [90.43843793400004, 23.707056193000028], [90.43827257200007, 23.702979937000066], [90.43871102400004, 23.701090651000072], [90.44188889900005, 23.700249778000057], [90.44309279700008, 23.698219015000063], [90.44957048500004, 23.703072794000036], [90.45420221800003, 23.700923646000035], [90.45500746800008, 23.700476429000048]]]}}, {"type": "Feature", "properties": {"id": 72, "thana_id": 16, "name_en": "Jatrabari, Matuail (part)", "name_bn": null, "name_bn_verified": false, "division": "Dhaka", "district": "Dhaka", "upazila": "Jatrabari", "population": null, "source": "geoBoundaries gbOpen BGD ADM4", "source_id": "29066614B41021075731521"}, "geometry": {"type": "Polygon", "coordinates": [[[90.44959634900005, 23.73065121600007], [90.44672750800004, 23.728598428000055], [90.44774277300007, 23.72387431800007], [90.44293891800004, 23.723806856000067], [90.44174336700007, 23.722575645000063], [90.44418541100003, 23.720648896000057], [90.44120010000006, 23.718404872000065], [90.44037574700008, 23.715819166000074], [90.44136041300004, 23.71048621600005], [90.44010020400003, 23.708454732000064], [90.44384175100004, 23.705575529000043], [90.44642390900003, 23.706602890000056], [90.44815483900004, 23.705034134000073], [90.45415344800006, 23.704546393000044], [90.45595864600006, 23.70233094200006], [90.45500746800008, 23.700476429000048], [90.46670927800005, 23.694844256000067], [90.46476060200007, 23.699396860000036], [90.46635502900006, 23.700218540000037], [90.46595441500006, 23.702211414000033], [90.46783155000008, 23.702355917000034], [90.47041878700009, 23.706819730000063], [90.47325281400003, 23.708092574000034], [90.47642734200008, 23.70958166400004], [90.47514592600004, 23.714823882000076], [90.47371708100007, 23.72256402000005], [90.46904733400004, 23.72054932800006], [90.46861738400008, 23.71914156400004], [90.46751634400005, 23.720397023000032], [90.46479350600003, 23.719935538000072], [90.46311425200008, 23.725890160000063], [90.45937297600005, 23.725823412000068], [90.45615400100007, 23.73311933100007], [90.44959634900005, 23.73065121600007]]]}}, {"type": "Feature", "properties": {"id": 73, "thana_id": 16, "name_en": "Jatrabari, Ward No-76 (Part)", "name_bn": "ওয়ার্ড ৭৬", "name_bn_verified": false, "division": "Dhaka", "district": "Dhaka", "upazila": "Jatrabari", "population": null, "source": "geoBoundaries gbOpen BGD ADM4", "source_id": "29066614B49320533392071"}, "geometry": {"type": "Polygon", "coordinates": [[[90.42402257400005, 23.710156211000026], [90.42412663400006, 23.71018506100006], [90.42595596200005, 23.709899375000077], [90.42689327600004, 23.710487004000072], [90.42651379300008, 23.712084353000023], [90.42562344200007, 23.71098386600005], [90.42353836400008, 23.712141159000055], [90.42402257400005, 23.710156211000026]]]}}, {"type": "Feature", "properties": {"id": 74, "thana_id": 16, "name_en": "Jatrabari, Ward No-84", "name_bn": "ওয়ার্ড ৮৪", "name_bn_verified": false, "division": "Dhaka", "district": "Dhaka", "upazila": "Jatrabari", "population": null, "source": "geoBoundaries gbOpen BGD ADM4", "source_id": "29066614B92686810060254"}, "geometry": {"type": "Polygon", "coordinates": [[[90.44037574700008, 23.715819166000074], [90.43096898300007, 23.71388230200006], [90.42879133500008, 23.714512272000036], [90.42919064000006, 23.71598410200005], [90.42560761000004, 23.715506255000037], [90.42651379300008, 23.712084353000023], [90.42689327600004, 23.710487004000072], [90.42964196700007, 23.71170006500006], [90.42907122400004, 23.71009429000003], [90.43081929200008, 23.70959480500005], [90.43748391400004, 23.711068470000043], [90.44136041300004, 23.71048621600005], [90.44037574700008, 23.715819166000074]]]}}, {"type": "Feature", "properties": {"id": 75, "thana_id": 16, "name_en": "Jatrabari, Ward No-85", "name_bn": "ওয়ার্ড ৮৫", "name_bn_verified": false, "division": "Dhaka", "district": "Dhaka", "upazila": "Jatrabari", "population": null, "source": "geoBoundaries gbOpen BGD ADM4", "source_id": "29066614B71341357911118"}, "geometry": {"type": "Polygon", "coordinates": [[[90.43954346500004, 23.72276709600004], [90.43214467400009, 23.72255456000005], [90.43121723800004, 23.719668222000053], [90.42837034700005, 23.720332246000055], [90.42773345600006, 23.716749492000076], [90.42603262600005, 23.716382382000063], [90.42560761000004, 23.715506255000037], [90.42919064000006, 23.71598410200005], [90.42879133500008, 23.714512272000036], [90.43096898300007, 23.71388230200006], [90.44037574700008, 23.715819166000074], [90.44120010000006, 23.718404872000065], [90.44418541100003, 23.720648896000057], [90.44174336700007, 23.722575645000063], [90.43954346500004, 23.72276709600004]]]}}, {"type": "Feature", "properties": {"id": 76, "thana_id": 16, "name_en": "Jatrabari, Ward No-86", "name_bn": "ওয়ার্ড ৮৬", "name_bn_verified": false, "division": "Dhaka", "district": "Dhaka", "upazila": "Jatrabari", "population": null, "source": "geoBoundaries gbOpen BGD ADM4", "source_id": "29066614B1730612831467"}, "geometry": {"type": "Polygon", "coordinates": [[[90.44010020400003, 23.708454732000064], [90.44136041300004, 23.71048621600005], [90.43748391400004, 23.711068470000043], [90.43081929200008, 23.70959480500005], [90.42907122400004, 23.71009429000003], [90.42964196700007, 23.71170006500006], [90.42689327600004, 23.710487004000072], [90.42595596200005, 23.709899375000077], [90.43346997000003, 23.703551067000035], [90.43827257200007, 23.702979937000066], [90.43843793400004, 23.707056193000028], [90.44010020400003, 23.708454732000064]]]}}, {"type": "Feature", "properties": {"id": 77, "thana_id": 17, "name_en": "Kadamtali, Dhania (part)", "name_bn": null, "name_bn_verified": false, "division": "Dhaka", "district": "Dhaka", "upazila": "Kadamtali", "population": null, "source": "geoBoundaries gbOpen BGD ADM4", "source_id": "29066614B32572859962285"}, "geometry": {"type": "Polygon", "coordinates": [[[90.44309279700008, 23.698219015000063], [90.44396137900009, 23.69338295400007], [90.44470164700004, 23.69174143300006], [90.44724206100005, 23.691751053000075], [90.44479496800005, 23.68852558100008], [90.45687257500003, 23.68959916400007], [90.45528126300007, 23.691036071000042], [90.45651248700005, 23.692701770000042], [90.45526798800006, 23.694633314000043], [90.45728601400003, 23.69495649000004], [90.45775607800005, 23.697905913000056], [90.45594819400009, 23.699322014000074], [90.45247252500008, 23.698367990000065], [90.45224886900007, 23.70017910100006], [90.45420221800003, 23.700923646000035], [90.44957048500004, 23.703072794000036], [90.44309279700008, 23.698219015000063]]]}}, {"type": "Feature", "properties": {"id": 78, "thana_id": 17, "name_en": "Kadamtali, Matuail (part)", "name_bn": null, "name_bn_verified": false, "division": "Dhaka", "district": "Dhaka", "upazila": "Kadamtali", "population": null, "source": "geoBoundaries gbOpen BGD ADM4", "source_id": "29066614B67488906463927"}, "geometry": {"type": "Polygon", "coordinates": [[[90.45420221800003, 23.700923646000035], [90.45224886900007, 23.70017910100006], [90.45247252500008, 23.698367990000065], [90.45594819400009, 23.699322014000074], [90.45775607800005, 23.697905913000056], [90.45728601400003, 23.69495649000004], [90.45526798800006, 23.694633314000043], [90.45651248700005, 23.692701770000042], [90.45528126300007, 23.691036071000042], [90.45687257500003, 23.68959916400007], [90.46210882600008, 23.68694838500005], [90.46438220200008, 23.687223852000045], [90.46411275300005, 23.684698939000043], [90.46192739200006, 23.683527456000036], [90.46481572300007, 23.68274774300005], [90.46827575700007, 23.685224296000058], [90.46670927800005, 23.694844256000067], [90.45500746800008, 23.700476429000048], [90.45420221800003, 23.700923646000035]]]}}, {"type": "Feature", "properties": {"id": 79, "thana_id": 17, "name_en": "Kadamtali, Shyampur", "name_bn": null, "name_bn_verified": false, "division": "Dhaka", "district": "Dhaka", "upazila": "Kadamtali", "population": null, "source": "geoBoundaries gbOpen BGD ADM4", "source_id": "29066614B55060420174240"}, "geometry": {"type": "Polygon", "coordinates": [[[90.44479496800005, 23.68852558100008], [90.44187680200008, 23.68772834500004], [90.43668089700003, 23.691187469000056], [90.43826786100004, 23.68829458400006], [90.43734688000006, 23.687127063000048], [90.43506049100006, 23.689035087000036], [90.43228456300005, 23.689065966000044], [90.42722220200005, 23.688665383000057], [90.42667994500005, 23.687297810000075], [90.43176350500005, 23.682728561000033], [90.44542812700007, 23.668837766000024], [90.44896385600003, 23.668106478000027], [90.45262215200006, 23.672810471000048], [90.45386328700005, 23.677556437000078], [90.45575867200006, 23.677121928000076], [90.45860381100005, 23.679025465000052], [90.45834769300006, 23.68034605300005], [90.46192739200006, 23.683527456000036], [90.46411275300005, 23.684698939000043], [90.46438220200008, 23.687223852000045], [90.46210882600008, 23.68694838500005], [90.45687257500003, 23.68959916400007], [90.44479496800005, 23.68852558100008]]]}}, {"type": "Feature", "properties": {"id": 80, "thana_id": 17, "name_en": "Kadamtali, Ward No-88", "name_bn": "ওয়ার্ড ৮৮", "name_bn_verified": false, "division": "Dhaka", "district": "Dhaka", "upazila": "Kadamtali", "population": null, "source": "geoBoundaries gbOpen BGD ADM4", "source_id": "29066614B38190030813939"}, "geometry": {"type": "Polygon", "coordinates": [[[90.43871102400004, 23.701090651000072], [90.43553700800004, 23.70023770800003], [90.43574159100007, 23.698306944000024], [90.43566337100003, 23.69563020100003], [90.44064971600005, 23.696409579000033], [90.44133011000008, 23.693780579000077], [90.44396137900009, 23.69338295400007], [90.44309279700008, 23.698219015000063], [90.44188889900005, 23.700249778000057], [90.43871102400004, 23.701090651000072]]]}}, {"type": "Feature", "properties": {"id": 81, "thana_id": 17, "name_en": "Kadamtali, Ward No-89", "name_bn": "ওয়ার্ড ৮৯", "name_bn_verified": false, "division": "Dhaka", "district": "Dhaka", "upazila": "Kadamtali", "population": null, "source": "geoBoundaries gbOpen BGD ADM4", "source_id": "29066614B68035829409505"}, "geometry": {"type": "Polygon", "coordinates": [[[90.44396137900009, 23.69338295400007], [90.44133011000008, 23.693780579000077], [90.44064971600005, 23.696409579000033], [90.43566337100003, 23.69563020100003], [90.43450584400006, 23.693624020000073], [90.43668089700003, 23.691187469000056], [90.44187680200008, 23.68772834500004], [90.44479496800005, 23.68852558100008], [90.44724206100005, 23.691751053000075], [90.44470164700004, 23.69174143300006], [90.44396137900009, 23.69338295400007]]]}}, {"type": "Feature", "properties": {"id": 82, "thana_id": 18, "name_en": "Kafrul, Ward No-04", "name_bn": "ওয়ার্ড ৪", "name_bn_verified": false, "division": "Dhaka", "district": "Dhaka", "upazila": "Kafrul", "population": null, "source": "geoBoundaries gbOpen BGD ADM4", "source_id": "29066614B95488288910201"}, "geometry": {"type": "Polygon", "coordinates": [[[90.37458888900005, 23.806165187000033], [90.37393966500008, 23.805007897000053], [90.37823258600008, 23.801766646000033], [90.38738440400004, 23.797203695000064], [90.38721211300003, 23.798495523000042], [90.38851124200005, 23.79823987700007], [90.38843261900007, 23.805954860000043], [90.38651747600005, 23.809616118000065], [90.38297891500008, 23.811696762000054], [90.37765694700005, 23.81138640900008], [90.37458888900005, 23.806165187000033]]]}}, {"type": "Feature", "properties": {"id": 83, "thana_id": 18, "name_en": "Kafrul, Ward No-14 (part)", "name_bn": "ওয়ার্ড ১৪", "name_bn_verified": false, "division": "Dhaka", "district": "Dhaka", "upazila": "Kafrul", "population": null, "source": "geoBoundaries gbOpen BGD ADM4", "source_id": "29066614B39823862609313"}, "geometry": {"type": "Polygon", "coordinates": [[[90.36856213200008, 23.807102061000023], [90.37644182500009, 23.78884608800007], [90.37714382200005, 23.792633128000034], [90.38029130500007, 23.791730646000076], [90.38089195000003, 23.79451130900003], [90.37823258600008, 23.801766646000033], [90.37393966500008, 23.805007897000053], [90.37458888900005, 23.806165187000033], [90.36856213200008, 23.807102061000023]]]}}, {"type": "Feature", "properties": {"id": 84, "thana_id": 18, "name_en": "Kafrul, Ward No-15 (part)", "name_bn": "ওয়ার্ড ১৫", "name_bn_verified": false, "division": "Dhaka", "district": "Dhaka", "upazila": "Kafrul", "population": null, "source": "geoBoundaries gbOpen BGD ADM4", "source_id": "29066614B7455768897137"}, "geometry": {"type": "Polygon", "coordinates": [[[90.38738440400004, 23.797203695000064], [90.38795246000007, 23.790771747000065], [90.39179960400008, 23.790503381000065], [90.39436691000003, 23.80063606400006], [90.39866595700005, 23.805855931000053], [90.40024393900006, 23.817176817000075], [90.39154104000005, 23.81493841200006], [90.39115842500007, 23.816303176000076], [90.38806259200004, 23.815569805000052], [90.38306273900008, 23.816738563000058], [90.38297891500008, 23.811696762000054], [90.38651747600005, 23.809616118000065], [90.38843261900007, 23.805954860000043], [90.38851124200005, 23.79823987700007], [90.38721211300003, 23.798495523000042], [90.38738440400004, 23.797203695000064]]]}}, {"type": "Feature", "properties": {"id": 85, "thana_id": 18, "name_en": "Kafrul, Ward No-16", "name_bn": "ওয়ার্ড ১৬", "name_bn_verified": false, "division": "Dhaka", "district": "Dhaka", "upazila": "Kafrul", "population": null, "source": "geoBoundaries gbOpen BGD ADM4", "source_id": "29066614B81791788440070"}, "geometry": {"type": "Polygon", "coordinates": [[[90.37823258600008, 23.801766646000033], [90.38089195000003, 23.79451130900003], [90.38029130500007, 23.791730646000076], [90.37714382200005, 23.792633128000034], [90.37644182500009, 23.78884608800007], [90.37253676800003, 23.788127334000023], [90.36967511500006, 23.783372727000028], [90.37207098800008, 23.78479085500004], [90.37295679300007, 23.782770860000028], [90.37840598600008, 23.783977184000037], [90.38065460000007, 23.776813600000025], [90.38329578800005, 23.765456461000042], [90.38898647000008, 23.764570886000058], [90.38899469800003, 23.764738269000077], [90.38990601400008, 23.775302339000064], [90.39410245600004, 23.776419877000023], [90.39293577800004, 23.781744367000044], [90.39214514600008, 23.782393327000023], [90.39089020000006, 23.779375711000057], [90.38825853400004, 23.78164498500007], [90.38795246000007, 23.790771747000065], [90.38738440400004, 23.797203695000064], [90.37823258600008, 23.801766646000033]]]}}, {"type": "Feature", "properties": {"id": 86, "thana_id": 19, "name_en": "Kalabagan, Ward No-50", "name_bn": "ওয়ার্ড ৫০", "name_bn_verified": false, "division": "Dhaka", "district": "Dhaka", "upazila": "Kalabagan", "population": null, "source": "geoBoundaries gbOpen BGD ADM4", "source_id": "29066614B88386075064760"}, "geometry": {"type": "Polygon", "coordinates": [[[90.38736793100009, 23.751005426000063], [90.38711612800006, 23.75069800500006], [90.38371901600004, 23.74150342300004], [90.39182644100003, 23.741673021000054], [90.39321992300006, 23.74998151500006], [90.38736793100009, 23.751005426000063]]]}}, {"type": "Feature", "properties": {"id": 87, "thana_id": 19, "name_en": "Kalabagan, Ward No-51 (Part)", "name_bn": "ওয়ার্ড ৫১", "name_bn_verified": false, "division": "Dhaka", "district": "Dhaka", "upazila": "Kalabagan", "population": null, "source": "geoBoundaries gbOpen BGD ADM4", "source_id": "29066614B92028722560809"}, "geometry": {"type": "Polygon", "coordinates": [[[90.38248945600003, 23.753043865000052], [90.37823566900005, 23.75126839400008], [90.38320792300004, 23.74009120200003], [90.38371901600004, 23.74150342300004], [90.38711612800006, 23.75069800500006], [90.38248945600003, 23.753043865000052]]]}}, {"type": "Feature", "properties": {"id": 88, "thana_id": 20, "name_en": "Kamrangir Char, Sultanganj", "name_bn": null, "name_bn_verified": false, "division": "Dhaka", "district": "Dhaka", "upazila": "Kamrangir Char", "population": null, "source": "geoBoundaries gbOpen BGD ADM4", "source_id": "29066614B25875561692739"}, "geometry": {"type": "Polygon", "coordinates": [[[90.37569274400005, 23.707496983000055], [90.38642804000006, 23.708761847000062], [90.38519273400004, 23.712294547000056], [90.38315947900008, 23.713282616000072], [90.38119748200006, 23.71426402900005], [90.37826684500004, 23.71092936100007], [90.37448031300005, 23.71018803000004], [90.37208209100004, 23.711098250000077], [90.37088014600005, 23.714376034000054], [90.36030086500006, 23.720524132000037], [90.36122942700007, 23.714555377000067], [90.36390676500008, 23.70960828400007], [90.36838474500007, 23.70713236000006], [90.37569274400005, 23.707496983000055]]]}}, {"type": "Feature", "properties": {"id": 89, "thana_id": 21, "name_en": "Keraniganj, Aganagar", "name_bn": null, "name_bn_verified": false, "division": "Dhaka", "district": "Dhaka", "upazila": "Keraniganj", "population": null, "source": "geoBoundaries gbOpen BGD ADM4", "source_id": "29066614B5992039311645"}, "geometry": {"type": "Polygon", "coordinates": [[[90.40489202000003, 23.707970947000035], [90.40225628600007, 23.709571501000028], [90.39664729500004, 23.697524685000076], [90.39884584800006, 23.694898583000054], [90.39770941700004, 23.69344207900008], [90.40005640900006, 23.69281056500006], [90.39761070700007, 23.688881622000054], [90.40064410400004, 23.690645966000034], [90.40154450500006, 23.688949656000034], [90.40456353300004, 23.68999318500005], [90.40438588200004, 23.692669012000067], [90.40690892400005, 23.69406970400007], [90.40459257400005, 23.695457017000024], [90.40493933200008, 23.697775555000078], [90.40885449300004, 23.699698566000052], [90.40486262300004, 23.70321199700004], [90.40830227300006, 23.70585627400004], [90.40489202000003, 23.707970947000035]]]}}, {"type": "Feature", "properties": {"id": 90, "thana_id": 21, "name_en": "Keraniganj, Basta", "name_bn": null, "name_bn_verified": false, "division": "Dhaka", "district": "Dhaka", "upazila": "Keraniganj", "population": null, "source": "geoBoundaries gbOpen BGD ADM4", "source_id": "29066614B68964406699230"}, "geometry": {"type": "Polygon", "coordinates": [[[90.36825592800005, 23.652653041000065], [90.36352682900008, 23.65717995800003], [90.35393607500004, 23.661524274000044], [90.35053472400006, 23.665274905000047], [90.35103319700005, 23.66901441600004], [90.35575013500005, 23.66783167600005], [90.35728263000004, 23.673541287000035], [90.35986205800003, 23.674715768000056], [90.36374925100006, 23.67355559600003], [90.36431888400006, 23.677388604000043], [90.36655343900009, 23.675958437000077], [90.36689586500006, 23.673246148000032], [90.36922417100004, 23.676204445000053], [90.37005170600008, 23.67426045800005], [90.37265399400007, 23.676534391000075], [90.37476573000004, 23.67463131900007], [90.37618500700006, 23.67644851400007], [90.37699677000006, 23.67416975900005], [90.37855719800007, 23.674973243000068], [90.37984296200005, 23.67341592300005], [90.38398552900009, 23.676870845000053], [90.38443955900004, 23.675135458000057], [90.38731877400005, 23.678315103000045], [90.38327037200008, 23.67881970700006], [90.38382568600008, 23.680695983000078], [90.38168283000005, 23.68179083600006], [90.36933596500006, 23.68108630300003], [90.36754478300008, 23.68347799600008], [90.36787922400003, 23.68623271100006], [90.37468207100005, 23.690217278000034], [90.37639196100008, 23.692200867000054], [90.37544987600006, 23.69289527500007], [90.37015906300007, 23.691043912000055], [90.36461149500008, 23.691825410000035], [90.36041000300008, 23.689897189000078], [90.35797387600007, 23.69215534500006], [90.35911293500004, 23.696429644000034], [90.35535935400009, 23.69467073800007], [90.35145419800006, 23.695335644000068], [90.34479257500004, 23.700146371000073], [90.34750314400009, 23.705077756000037], [90.34104120400008, 23.704633724000075], [90.33622000500009, 23.70158447800003], [90.33253614300008, 23.70114983600007], [90.33256618900003, 23.698247481000067], [90.32655363200007, 23.697653966000075], [90.32547442000003, 23.695337679000033], [90.32378062900005, 23.697103721000076], [90.32421072800008, 23.694016486000066], [90.32314394500008, 23.69547522700003], [90.32323484500006, 23.69429910200006], [90.31993309500007, 23.694091435000075], [90.32026284900007, 23.692808686000035], [90.32253667000003, 23.693583594000074], [90.32016382600005, 23.691921999000044], [90.32337674400009, 23.69142756100007], [90.32398465200004, 23.688605851000034], [90.32061676100005, 23.688116067000067], [90.32290285200008, 23.68094674400004], [90.32937263100007, 23.67718006100006], [90.33366037400003, 23.67092537900004], [90.32922445100007, 23.671860150000043], [90.33638706300007, 23.65836635900007], [90.33413893700003, 23.650366589000043], [90.33436911300004, 23.644721236000066], [90.33610696800008, 23.642288820000033], [90.33531836500003, 23.639911545000075], [90.34858656100005, 23.636926352000046], [90.35681609600005, 23.64075329600007], [90.36462733300004, 23.650470636000023], [90.36825592800005, 23.652653041000065]]]}}, {"type": "Feature", "properties": {"id": 91, "thana_id": 21, "name_en": "Keraniganj, Hazratpur", "name_bn": null, "name_bn_verified": false, "division": "Dhaka", "district": "Dhaka", "upazila": "Keraniganj", "population": null, "source": "geoBoundaries gbOpen BGD ADM4", "source_id": "29066614B52258631895645"}, "geometry": {"type": "Polygon", "coordinates": [[[90.24526263800004, 23.777140933000055], [90.24112256200004, 23.778138211000055], [90.23668502500004, 23.77988158900007], [90.22930390400006, 23.76862232700006], [90.22582200400007, 23.763491301000045], [90.22379187100006, 23.756390680000038], [90.21883592100005, 23.750232459000074], [90.21981441300005, 23.743992923000064], [90.22546623400007, 23.73819261600005], [90.23820235100004, 23.73553712300003], [90.24083463500006, 23.73133795800004], [90.25387596600007, 23.722139389000063], [90.25551166900004, 23.715085034000026], [90.26484857200006, 23.702301135000027], [90.26842024700005, 23.711218099000064], [90.26690140200003, 23.719590023000023], [90.26836929100006, 23.723171742000034], [90.26255637600008, 23.732380308000074], [90.26908055300004, 23.735703819000037], [90.27369519600006, 23.73570926900004], [90.27405312600007, 23.745873694000068], [90.26664910700003, 23.74446739700005], [90.25876086300008, 23.74870297700005], [90.25622544100008, 23.752447258000075], [90.25707647300004, 23.75887648300005], [90.25590543600003, 23.764130874000045], [90.24526263800004, 23.777140933000055]]]}}, {"type": "Feature", "properties": {"id": 92, "thana_id": 21, "name_en": "Keraniganj, Kalatia", "name_bn": null, "name_bn_verified": false, "division": "Dhaka", "district": "Dhaka", "upazila": "Keraniganj", "population": null, "source": "geoBoundaries gbOpen BGD ADM4", "source_id": "29066614B72025887598854"}, "geometry": {"type": "Polygon", "coordinates": [[[90.27405312600007, 23.745873694000068], [90.27369519600006, 23.73570926900004], [90.26908055300004, 23.735703819000037], [90.26255637600008, 23.732380308000074], [90.26836929100006, 23.723171742000034], [90.26690140200003, 23.719590023000023], [90.26842024700005, 23.711218099000064], [90.26484857200006, 23.702301135000027], [90.27287518400004, 23.693213334000063], [90.27722582000007, 23.68415432000006], [90.27875734000008, 23.689759722000076], [90.28473493800004, 23.688623716000052], [90.29508589000005, 23.689768985000057], [90.29727848200008, 23.69455547900003], [90.29465544000004, 23.699827648000053], [90.30024416400005, 23.701421331000063], [90.30029768500003, 23.703912539000044], [90.30273683500008, 23.701640033000047], [90.30384040800004, 23.703241726000044], [90.30635485900007, 23.706996034000042], [90.30666989300005, 23.710886774000073], [90.31156482900008, 23.711304351000024], [90.31262890300007, 23.71889185300006], [90.30861584600007, 23.719444687000077], [90.30877699600006, 23.723563796000064], [90.30259225700007, 23.720826720000048], [90.30174448300005, 23.724927484000034], [90.29982128300009, 23.72562673400006], [90.29920246300009, 23.723698343000024], [90.29796027500004, 23.72644947400005], [90.29577786000004, 23.726155023000047], [90.29461943900003, 23.72938638900007], [90.29550246000008, 23.732377881000048], [90.29221423000007, 23.734522596000033], [90.29064558500005, 23.741989860000047], [90.28879749800006, 23.73906845700003], [90.28682447200003, 23.73926520300006], [90.28569591000007, 23.741436242000077], [90.28224993100008, 23.741419990000054], [90.28206525100006, 23.74422833500006], [90.27816822300008, 23.74440024100005], [90.27685159300006, 23.746180331000062], [90.27405312600007, 23.745873694000068]]]}}, {"type": "Feature", "properties": {"id": 93, "thana_id": 21, "name_en": "Keraniganj, Kalindi", "name_bn": null, "name_bn_verified": false, "division": "Dhaka", "district": "Dhaka", "upazila": "Keraniganj", "population": null, "source": "geoBoundaries gbOpen BGD ADM4", "source_id": "29066614B21406513455287"}, "geometry": {"type": "Polygon", "coordinates": [[[90.37468207100005, 23.690217278000034], [90.37549287800005, 23.688852522000047], [90.38166004400006, 23.687450942000055], [90.38018209400008, 23.690421784000023], [90.38428161500008, 23.691129190000026], [90.38518208200009, 23.695493643000077], [90.39430022200008, 23.698855646000027], [90.38612877600008, 23.702422093000052], [90.38430603400008, 23.700727940000036], [90.38104688400006, 23.703241408000054], [90.37711954300005, 23.70198759400006], [90.37569274400005, 23.707496983000055], [90.36838474500007, 23.70713236000006], [90.36390676500008, 23.70960828400007], [90.36122942700007, 23.714555377000067], [90.36030086500006, 23.720524132000037], [90.35861872700008, 23.72770887400003], [90.35725427800008, 23.73024401600003], [90.35598714900004, 23.729931928000042], [90.35853589500005, 23.70961291800006], [90.34750314400009, 23.705077756000037], [90.34479257500004, 23.700146371000073], [90.35145419800006, 23.695335644000068], [90.35535935400009, 23.69467073800007], [90.35911293500004, 23.696429644000034], [90.35797387600007, 23.69215534500006], [90.36041000300008, 23.689897189000078], [90.36461149500008, 23.691825410000035], [90.37015906300007, 23.691043912000055], [90.37544987600006, 23.69289527500007], [90.37639196100008, 23.692200867000054], [90.37468207100005, 23.690217278000034]]]}}, {"type": "Feature", "properties": {"id": 94, "thana_id": 21, "name_en": "Keraniganj, Konda", "name_bn": null, "name_bn_verified": false, "division": "Dhaka", "district": "Dhaka", "upazila": "Keraniganj", "population": null, "source": "geoBoundaries gbOpen BGD ADM4", "source_id": "29066614B99057209402634"}, "geometry": {"type": "Polygon", "coordinates": [[[90.45517985500004, 23.624375443000076], [90.47161859900007, 23.630277702000058], [90.47308844600008, 23.636727006000058], [90.47059050100006, 23.64041425000005], [90.46300122000008, 23.649319503000072], [90.44839999200008, 23.665324671000064], [90.44896385600003, 23.668106478000027], [90.44542812700007, 23.668837766000024], [90.43176350500005, 23.682728561000033], [90.43001115200008, 23.676600325000038], [90.43121158300005, 23.675933094000072], [90.43178319800006, 23.669693383000038], [90.42807625700004, 23.667631819000064], [90.42609067900008, 23.662796955000033], [90.42190664200007, 23.664573145000077], [90.42277018500005, 23.66113106800003], [90.42067013400003, 23.660460466000075], [90.42098932200008, 23.65754997500005], [90.41937417200006, 23.655359995000026], [90.41160319400007, 23.652835886000048], [90.40637949100005, 23.64833956700005], [90.40674692900006, 23.644290295000076], [90.40430965700006, 23.64344816700003], [90.40284979900008, 23.636588295000024], [90.42043360000008, 23.61998989800003], [90.43019340800004, 23.608605170000033], [90.43353181000003, 23.61031999100004], [90.43678797200005, 23.616032475000054], [90.44673251400008, 23.623869890000037], [90.45517985500004, 23.624375443000076]]]}}, {"type": "Feature", "properties": {"id": 95, "thana_id": 21, "name_en": "Keraniganj, Ruhitpur", "name_bn": null, "name_bn_verified": false, "division": "Dhaka", "district": "Dhaka", "upazila": "Keraniganj", "population": null, "source": "geoBoundaries gbOpen BGD ADM4", "source_id": "29066614B90281962261274"}, "geometry": {"type": "Polygon", "coordinates": [[[90.32061676100005, 23.688116067000067], [90.30790833700007, 23.690474535000078], [90.30593192200007, 23.692836535000026], [90.30594053600004, 23.700742327000057], [90.30384040800004, 23.703241726000044], [90.30273683500008, 23.701640033000047], [90.30029768500003, 23.703912539000044], [90.30024416400005, 23.701421331000063], [90.29465544000004, 23.699827648000053], [90.29727848200008, 23.69455547900003], [90.29508589000005, 23.689768985000057], [90.28473493800004, 23.688623716000052], [90.27875734000008, 23.689759722000076], [90.27722582000007, 23.68415432000006], [90.27944416300005, 23.680072650000056], [90.28618321000005, 23.673856036000075], [90.30484860800004, 23.66162633700003], [90.32058073200005, 23.65097556300003], [90.32770759200008, 23.644131396000034], [90.33531836500003, 23.639911545000075], [90.33610696800008, 23.642288820000033], [90.33436911300004, 23.644721236000066], [90.33413893700003, 23.650366589000043], [90.33638706300007, 23.65836635900007], [90.32922445100007, 23.671860150000043], [90.33366037400003, 23.67092537900004], [90.32937263100007, 23.67718006100006], [90.32290285200008, 23.68094674400004], [90.32061676100005, 23.688116067000067]]]}}, {"type": "Feature", "properties": {"id": 96, "thana_id": 21, "name_en": "Keraniganj, Sakta", "name_bn": null, "name_bn_verified": false, "division": "Dhaka", "district": "Dhaka", "upazila": "Keraniganj", "population": null, "source": "geoBoundaries gbOpen BGD ADM4", "source_id": "29066614B91564101211132"}, "geometry": {"type": "Polygon", "coordinates": [[[90.34750314400009, 23.705077756000037], [90.35853589500005, 23.70961291800006], [90.35598714900004, 23.729931928000042], [90.35725427800008, 23.73024401600003], [90.35383403400004, 23.738512153000045], [90.35055240100007, 23.740146456000048], [90.34208051500008, 23.748348544000066], [90.33937150700007, 23.744726556000046], [90.33877444100006, 23.741119035000054], [90.34087140200006, 23.736252086000036], [90.33284504900007, 23.735181712000042], [90.32663065200006, 23.73055955800004], [90.32524909800009, 23.725129372000026], [90.32659641800007, 23.723463972000047], [90.32358646500006, 23.720046946000025], [90.31543397200005, 23.71756005900005], [90.31262890300007, 23.71889185300006], [90.31156482900008, 23.711304351000024], [90.30666989300005, 23.710886774000073], [90.30635485900007, 23.706996034000042], [90.30384040800004, 23.703241726000044], [90.30594053600004, 23.700742327000057], [90.30593192200007, 23.692836535000026], [90.30790833700007, 23.690474535000078], [90.32061676100005, 23.688116067000067], [90.32398465200004, 23.688605851000034], [90.32337674400009, 23.69142756100007], [90.32016382600005, 23.691921999000044], [90.32253667000003, 23.693583594000074], [90.32026284900007, 23.692808686000035], [90.31993309500007, 23.694091435000075], [90.32323484500006, 23.69429910200006], [90.32314394500008, 23.69547522700003], [90.32421072800008, 23.694016486000066], [90.32378062900005, 23.697103721000076], [90.32547442000003, 23.695337679000033], [90.32655363200007, 23.697653966000075], [90.33256618900003, 23.698247481000067], [90.33253614300008, 23.70114983600007], [90.33622000500009, 23.70158447800003], [90.34104120400008, 23.704633724000075], [90.34750314400009, 23.705077756000037]]]}}, {"type": "Feature", "properties": {"id": 97, "thana_id": 21, "name_en": "Keraniganj, Subhadya (Part)", "name_bn": null, "name_bn_verified": false, "division": "Dhaka", "district": "Dhaka", "upazila": "Keraniganj", "population": null, "source": "geoBoundaries gbOpen BGD ADM4", "source_id": "29066614B50220248279754"}, "geometry": {"type": "Polygon", "coordinates": [[[90.39664729500004, 23.697524685000076], [90.39430022200008, 23.698855646000027], [90.38518208200009, 23.695493643000077], [90.38428161500008, 23.691129190000026], [90.38018209400008, 23.690421784000023], [90.38166004400006, 23.687450942000055], [90.37549287800005, 23.688852522000047], [90.37468207100005, 23.690217278000034], [90.36787922400003, 23.68623271100006], [90.36754478300008, 23.68347799600008], [90.36933596500006, 23.68108630300003], [90.38168283000005, 23.68179083600006], [90.38382568600008, 23.680695983000078], [90.38327037200008, 23.67881970700006], [90.38731877400005, 23.678315103000045], [90.38909089400005, 23.678118719000054], [90.39014958900003, 23.673611047000065], [90.39432611600006, 23.673789028000044], [90.39447467300005, 23.672229963000063], [90.39305867400003, 23.671783060000053], [90.39416562900004, 23.67014478300007], [90.39917936000006, 23.668925530000024], [90.40010395200005, 23.669629947000033], [90.39879234400007, 23.67227423500003], [90.40095407800004, 23.676058392000073], [90.40916374700004, 23.678534437000053], [90.41549910900005, 23.675543031000075], [90.41677424600005, 23.67347848600008], [90.41909112500008, 23.676924373000077], [90.42004887100006, 23.67490977400007], [90.42240332700004, 23.67647165300008], [90.42302366300004, 23.67419431600007], [90.42493970500004, 23.673617198000045], [90.42629679000004, 23.668523046000075], [90.42807625700004, 23.667631819000064], [90.43178319800006, 23.669693383000038], [90.43121158300005, 23.675933094000072], [90.43001115200008, 23.676600325000038], [90.43176350500005, 23.682728561000033], [90.42667994500005, 23.687297810000075], [90.42722220200005, 23.688665383000057], [90.42029088500004, 23.695989078000025], [90.41708008700004, 23.699702996000042], [90.41186598300004, 23.703543543000023], [90.40830227300006, 23.70585627400004], [90.40486262300004, 23.70321199700004], [90.40885449300004, 23.699698566000052], [90.40493933200008, 23.697775555000078], [90.40459257400005, 23.695457017000024], [90.40690892400005, 23.69406970400007], [90.40438588200004, 23.692669012000067], [90.40456353300004, 23.68999318500005], [90.40154450500006, 23.688949656000034], [90.40064410400004, 23.690645966000034], [90.39761070700007, 23.688881622000054], [90.40005640900006, 23.69281056500006], [90.39770941700004, 23.69344207900008], [90.39884584800006, 23.694898583000054], [90.39664729500004, 23.697524685000076]]]}}, {"type": "Feature", "properties": {"id": 98, "thana_id": 21, "name_en": "Keraniganj, Taranagar", "name_bn": null, "name_bn_verified": false, "division": "Dhaka", "district": "Dhaka", "upazila": "Keraniganj", "population": null, "source": "geoBoundaries gbOpen BGD ADM4", "source_id": "29066614B67122086544709"}, "geometry": {"type": "Polygon", "coordinates": [[[90.27685159300006, 23.746180331000062], [90.27816822300008, 23.74440024100005], [90.28206525100006, 23.74422833500006], [90.28224993100008, 23.741419990000054], [90.28569591000007, 23.741436242000077], [90.28682447200003, 23.73926520300006], [90.28879749800006, 23.73906845700003], [90.29064558500005, 23.741989860000047], [90.29221423000007, 23.734522596000033], [90.29550246000008, 23.732377881000048], [90.29461943900003, 23.72938638900007], [90.29577786000004, 23.726155023000047], [90.29796027500004, 23.72644947400005], [90.29920246300009, 23.723698343000024], [90.29982128300009, 23.72562673400006], [90.30174448300005, 23.724927484000034], [90.30259225700007, 23.720826720000048], [90.30877699600006, 23.723563796000064], [90.30861584600007, 23.719444687000077], [90.31262890300007, 23.71889185300006], [90.31543397200005, 23.71756005900005], [90.32358646500006, 23.720046946000025], [90.32659641800007, 23.723463972000047], [90.32524909800009, 23.725129372000026], [90.32663065200006, 23.73055955800004], [90.33284504900007, 23.735181712000042], [90.34087140200006, 23.736252086000036], [90.33877444100006, 23.741119035000054], [90.33937150700007, 23.744726556000046], [90.33762955300006, 23.746144771000047], [90.33359487700005, 23.742826726000033], [90.33085965800007, 23.744272169000055], [90.32611107900004, 23.742807128000038], [90.31877795300005, 23.74674086500005], [90.31124474700005, 23.759056873000077], [90.31344716800004, 23.770277618000023], [90.31082729000008, 23.773614790000067], [90.30114111400007, 23.77347196100004], [90.29080904300008, 23.77002439100005], [90.28630604300008, 23.749822433000077], [90.28206751000005, 23.751541900000063], [90.27685159300006, 23.746180331000062]]]}}, {"type": "Feature", "properties": {"id": 99, "thana_id": 21, "name_en": "Keraniganj, Tegharia", "name_bn": null, "name_bn_verified": false, "division": "Dhaka", "district": "Dhaka", "upazila": "Keraniganj", "population": null, "source": "geoBoundaries gbOpen BGD ADM4", "source_id": "29066614B38024277746782"}, "geometry": {"type": "Polygon", "coordinates": [[[90.40284979900008, 23.636588295000024], [90.40430965700006, 23.64344816700003], [90.40674692900006, 23.644290295000076], [90.40637949100005, 23.64833956700005], [90.41160319400007, 23.652835886000048], [90.41937417200006, 23.655359995000026], [90.42098932200008, 23.65754997500005], [90.42067013400003, 23.660460466000075], [90.42277018500005, 23.66113106800003], [90.42190664200007, 23.664573145000077], [90.42609067900008, 23.662796955000033], [90.42807625700004, 23.667631819000064], [90.42629679000004, 23.668523046000075], [90.42493970500004, 23.673617198000045], [90.42302366300004, 23.67419431600007], [90.42240332700004, 23.67647165300008], [90.42004887100006, 23.67490977400007], [90.41909112500008, 23.676924373000077], [90.41677424600005, 23.67347848600008], [90.41549910900005, 23.675543031000075], [90.40916374700004, 23.678534437000053], [90.40095407800004, 23.676058392000073], [90.39879234400007, 23.67227423500003], [90.40010395200005, 23.669629947000033], [90.39917936000006, 23.668925530000024], [90.39416562900004, 23.67014478300007], [90.39305867400003, 23.671783060000053], [90.39447467300005, 23.672229963000063], [90.39432611600006, 23.673789028000044], [90.39014958900003, 23.673611047000065], [90.38909089400005, 23.678118719000054], [90.38731877400005, 23.678315103000045], [90.38443955900004, 23.675135458000057], [90.38398552900009, 23.676870845000053], [90.37984296200005, 23.67341592300005], [90.37855719800007, 23.674973243000068], [90.37699677000006, 23.67416975900005], [90.37618500700006, 23.67644851400007], [90.37476573000004, 23.67463131900007], [90.37265399400007, 23.676534391000075], [90.37005170600008, 23.67426045800005], [90.36922417100004, 23.676204445000053], [90.36689586500006, 23.673246148000032], [90.36655343900009, 23.675958437000077], [90.36431888400006, 23.677388604000043], [90.36374925100006, 23.67355559600003], [90.35986205800003, 23.674715768000056], [90.35728263000004, 23.673541287000035], [90.35575013500005, 23.66783167600005], [90.35103319700005, 23.66901441600004], [90.35053472400006, 23.665274905000047], [90.35393607500004, 23.661524274000044], [90.36352682900008, 23.65717995800003], [90.36825592800005, 23.652653041000065], [90.37323653000004, 23.65156737500007], [90.39047133300005, 23.649856714000066], [90.39576085800007, 23.641553041000066], [90.40284979900008, 23.636588295000024]]]}}, {"type": "Feature", "properties": {"id": 100, "thana_id": 21, "name_en": "Keraniganj, Zinjira", "name_bn": null, "name_bn_verified": false, "division": "Dhaka", "district": "Dhaka", "upazila": "Keraniganj", "population": null, "source": "geoBoundaries gbOpen BGD ADM4", "source_id": "29066614B40151236395860"}, "geometry": {"type": "Polygon", "coordinates": [[[90.40225628600007, 23.709571501000028], [90.40204430800009, 23.70968369800005], [90.39972308700004, 23.710766044000025], [90.39317362000008, 23.711087409000072], [90.38519273400004, 23.712294547000056], [90.38642804000006, 23.708761847000062], [90.37569274400005, 23.707496983000055], [90.37711954300005, 23.70198759400006], [90.38104688400006, 23.703241408000054], [90.38430603400008, 23.700727940000036], [90.38612877600008, 23.702422093000052], [90.39430022200008, 23.698855646000027], [90.39664729500004, 23.697524685000076], [90.40225628600007, 23.709571501000028]]]}}, {"type": "Feature", "properties": {"id": 101, "thana_id": 22, "name_en": "Khilgaon, Dakshingaon (Part)", "name_bn": null, "name_bn_verified": false, "division": "Dhaka", "district": "Dhaka", "upazila": "Khilgaon", "population": null, "source": "geoBoundaries gbOpen BGD ADM4", "source_id": "29066614B611593745723"}, "geometry": {"type": "Polygon", "coordinates": [[[90.46204577300006, 23.752233729000068], [90.46459377000008, 23.755087119000052], [90.46223768700008, 23.759341127000027], [90.45448041700007, 23.76012851200005], [90.44645072700007, 23.758940445000064], [90.44169449500004, 23.74989422300007], [90.44193851600005, 23.746961772000077], [90.44152233500006, 23.745422836000046], [90.44310025500005, 23.744503216000055], [90.44823304500005, 23.744233817000065], [90.45712267800008, 23.74079351000006], [90.46017981800009, 23.742731501000037], [90.45973468300008, 23.750097107000045], [90.46204577300006, 23.752233729000068]]]}}, {"type": "Feature", "properties": {"id": 102, "thana_id": 22, "name_en": "Khilgaon, Nasirabad", "name_bn": null, "name_bn_verified": false, "division": "Dhaka", "district": "Dhaka", "upazila": "Khilgaon", "population": null, "source": "geoBoundaries gbOpen BGD ADM4", "source_id": "29066614B94378540408834"}, "geometry": {"type": "Polygon", "coordinates": [[[90.46383647300007, 23.78315993500007], [90.45877085400008, 23.77607106800008], [90.46198379700007, 23.77359620200008], [90.45240301800004, 23.76669498900003], [90.45195586700004, 23.76296533200008], [90.45478248700005, 23.763922945000047], [90.45448041700007, 23.76012851200005], [90.46223768700008, 23.759341127000027], [90.46459377000008, 23.755087119000052], [90.46204577300006, 23.752233729000068], [90.47230668500004, 23.754006941000057], [90.47395164500006, 23.761472859000037], [90.48247314500009, 23.761808548000033], [90.48243510900005, 23.773362720000023], [90.47889314800005, 23.777578910000045], [90.47161984300004, 23.781801361000078], [90.46383647300007, 23.78315993500007]]]}}, {"type": "Feature", "properties": {"id": 103, "thana_id": 22, "name_en": "Khilgaon, Ward No-24", "name_bn": "ওয়ার্ড ২৪", "name_bn_verified": false, "division": "Dhaka", "district": "Dhaka", "upazila": "Khilgaon", "population": null, "source": "geoBoundaries gbOpen BGD ADM4", "source_id": "29066614B50194498548300"}, "geometry": {"type": "Polygon", "coordinates": [[[90.41600552200003, 23.74948579100004], [90.42088301700005, 23.748804352000036], [90.42474351000004, 23.74730525500007], [90.42663275500007, 23.743974168000022], [90.43136537000004, 23.744255259000056], [90.43163515800006, 23.745447237000064], [90.43011567600007, 23.74825598500007], [90.43094409400004, 23.753060090000076], [90.42651224700006, 23.75555991300007], [90.42495022300005, 23.75068697300003], [90.41823806700006, 23.752397033000022], [90.41600552200003, 23.74948579100004]]]}}, {"type": "Feature", "properties": {"id": 104, "thana_id": 22, "name_en": "Khilgaon, Ward No-25", "name_bn": "ওয়ার্ড ২৫", "name_bn_verified": false, "division": "Dhaka", "district": "Dhaka", "upazila": "Khilgaon", "population": null, "source": "geoBoundaries gbOpen BGD ADM4", "source_id": "29066614B87662029069345"}, "geometry": {"type": "Polygon", "coordinates": [[[90.44169449500004, 23.74989422300007], [90.44108939200004, 23.75187176000003], [90.43841795700007, 23.753110754000033], [90.43615153300004, 23.751921992000064], [90.43094409400004, 23.753060090000076], [90.43011567600007, 23.74825598500007], [90.43163515800006, 23.745447237000064], [90.43380376000005, 23.74571675100003], [90.43425042800004, 23.74284155400005], [90.44193851600005, 23.746961772000077], [90.44169449500004, 23.74989422300007]]]}}, {"type": "Feature", "properties": {"id": 105, "thana_id": 22, "name_en": "Khilgaon, Ward No-26", "name_bn": "ওয়ার্ড ২৬", "name_bn_verified": false, "division": "Dhaka", "district": "Dhaka", "upazila": "Khilgaon", "population": null, "source": "geoBoundaries gbOpen BGD ADM4", "source_id": "29066614B8184406053631"}, "geometry": {"type": "Polygon", "coordinates": [[[90.43362746600008, 23.763233241000023], [90.43233812400007, 23.760133894000035], [90.42932736400007, 23.76097201600004], [90.42697924300006, 23.75747573700005], [90.42651224700006, 23.75555991300007], [90.43094409400004, 23.753060090000076], [90.43615153300004, 23.751921992000064], [90.43841795700007, 23.753110754000033], [90.44108939200004, 23.75187176000003], [90.44169449500004, 23.74989422300007], [90.44645072700007, 23.758940445000064], [90.44441989700005, 23.76328583800006], [90.44159852600006, 23.763860924000028], [90.44198050600005, 23.766224328000078], [90.43799864400006, 23.764985328000023], [90.43604341900004, 23.762839152000026], [90.43362746600008, 23.763233241000023]]]}}, {"type": "Feature", "properties": {"id": 106, "thana_id": 23, "name_en": "Khilkhet, Dakshinkhan (part)", "name_bn": null, "name_bn_verified": false, "division": "Dhaka", "district": "Dhaka", "upazila": "Khilkhet", "population": null, "source": "geoBoundaries gbOpen BGD ADM4", "source_id": "29066614B7144716488578"}, "geometry": {"type": "Polygon", "coordinates": [[[90.45546817000007, 23.827620857000056], [90.45557492600005, 23.831832447000068], [90.46456180600006, 23.84444565900003], [90.46407007400006, 23.84630177300005], [90.45855745500006, 23.846675619000052], [90.45392227100007, 23.848754365000048], [90.45301062300007, 23.84586838900003], [90.44706508500008, 23.848866432000023], [90.44224066100008, 23.84662452400005], [90.43663854300007, 23.847606965000068], [90.43417980500004, 23.845019930000035], [90.42388393800007, 23.847578226000053], [90.42189751000006, 23.845966883000074], [90.42254945500008, 23.84203431900005], [90.42026315200008, 23.838867039000036], [90.42797024800007, 23.83777192200006], [90.43596188300006, 23.838539712000056], [90.43581441300006, 23.832969298000023], [90.44144433400004, 23.833980524000026], [90.44135227000004, 23.82658329000003], [90.44197439000004, 23.826008898000055], [90.44825675000004, 23.828079498000022], [90.45385620000008, 23.826774310000076], [90.45546817000007, 23.827620857000056]]]}}, {"type": "Feature", "properties": {"id": 107, "thana_id": 23, "name_en": "Khilkhet, Dumni", "name_bn": null, "name_bn_verified": false, "division": "Dhaka", "district": "Dhaka", "upazila": "Khilkhet", "population": null, "source": "geoBoundaries gbOpen BGD ADM4", "source_id": "29066614B61133322709253"}, "geometry": {"type": "Polygon", "coordinates": [[[90.48576851600006, 23.821326077000037], [90.48660886400006, 23.826101793000078], [90.48426506700008, 23.82813759800007], [90.48393931300006, 23.83158104900008], [90.48046479000004, 23.832214754000063], [90.47724506400004, 23.83497701700003], [90.47175488400006, 23.842493197000067], [90.47126942300008, 23.84730829600005], [90.46607742200007, 23.843795363000027], [90.46456180600006, 23.84444565900003], [90.45557492600005, 23.831832447000068], [90.45546817000007, 23.827620857000056], [90.47168867100004, 23.82172758200005], [90.47973938000007, 23.82301751800003], [90.48576851600006, 23.821326077000037]]]}}, {"type": "Feature", "properties": {"id": 108, "thana_id": 23, "name_en": "Khilkhet, Ward No-17 (Part)", "name_bn": "ওয়ার্ড ১৭", "name_bn_verified": false, "division": "Dhaka", "district": "Dhaka", "upazila": "Khilkhet", "population": null, "source": "geoBoundaries gbOpen BGD ADM4", "source_id": "29066614B28915241883225"}, "geometry": {"type": "Polygon", "coordinates": [[[90.41829767400009, 23.837991287000023], [90.41319460500006, 23.833628499000042], [90.41266279700005, 23.82577178500003], [90.41430107600007, 23.821553705000042], [90.41672192900006, 23.819882608000057], [90.41899415800003, 23.821631083000057], [90.42165180000006, 23.82051182400005], [90.42956631000004, 23.82157058000007], [90.42911437700008, 23.826070754000057], [90.43609955000005, 23.827482409000027], [90.44135227000004, 23.82658329000003], [90.44144433400004, 23.833980524000026], [90.43581441300006, 23.832969298000023], [90.43596188300006, 23.838539712000056], [90.42797024800007, 23.83777192200006], [90.42026315200008, 23.838867039000036], [90.41829767400009, 23.837991287000023]]]}}, {"type": "Feature", "properties": {"id": 109, "thana_id": 24, "name_en": "Kotwali, Ward No-68 (Part)", "name_bn": "ওয়ার্ড ৬৮", "name_bn_verified": false, "division": "Dhaka", "district": "Dhaka", "upazila": "Kotwali", "population": null, "source": "geoBoundaries gbOpen BGD ADM4", "source_id": "29066614B97870236260891"}, "geometry": {"type": "Polygon", "coordinates": [[[90.40489202000003, 23.707970947000035], [90.40661932700004, 23.71074736500003], [90.40682974600008, 23.714345636000076], [90.40534994000006, 23.713933403000055], [90.40312706300006, 23.712218478000068], [90.40306629900005, 23.71195890200005], [90.40204430800009, 23.70968369800005], [90.40225628600007, 23.709571501000028], [90.40489202000003, 23.707970947000035]]]}}, {"type": "Feature", "properties": {"id": 110, "thana_id": 24, "name_en": "Kotwali, Ward No-71 (Part)", "name_bn": "ওয়ার্ড ৭১", "name_bn_verified": false, "division": "Dhaka", "district": "Dhaka", "upazila": "Kotwali", "population": null, "source": "geoBoundaries gbOpen BGD ADM4", "source_id": "29066614B67803365232869"}, "geometry": {"type": "Polygon", "coordinates": [[[90.40707269100005, 23.714341212000022], [90.40775507600006, 23.71298375500004], [90.41153801400009, 23.71316202400004], [90.41152922200007, 23.713517876000026], [90.40707269100005, 23.714341212000022]]]}}, {"type": "Feature", "properties": {"id": 111, "thana_id": 24, "name_en": "Kotwali, Ward No-72", "name_bn": "ওয়ার্ড ৭২", "name_bn_verified": false, "division": "Dhaka", "district": "Dhaka", "upazila": "Kotwali", "population": null, "source": "geoBoundaries gbOpen BGD ADM4", "source_id": "29066614B34386727037492"}, "geometry": {"type": "Polygon", "coordinates": [[[90.40661932700004, 23.71074736500003], [90.41192608700004, 23.709950676000062], [90.41153801400009, 23.71316202400004], [90.40775507600006, 23.71298375500004], [90.40707269100005, 23.714341212000022], [90.40682974600008, 23.714345636000076], [90.40661932700004, 23.71074736500003]]]}}, {"type": "Feature", "properties": {"id": 112, "thana_id": 24, "name_en": "Kotwali, Ward No-73", "name_bn": "ওয়ার্ড ৭৩", "name_bn_verified": false, "division": "Dhaka", "district": "Dhaka", "upazila": "Kotwali", "population": null, "source": "geoBoundaries gbOpen BGD ADM4", "source_id": "29066614B86753539752825"}, "geometry": {"type": "Polygon", "coordinates": [[[90.40830227300006, 23.70585627400004], [90.41186598300004, 23.703543543000023], [90.41257120400007, 23.708668647000025], [90.41192608700004, 23.709950676000062], [90.40661932700004, 23.71074736500003], [90.40489202000003, 23.707970947000035], [90.40830227300006, 23.70585627400004]]]}}, {"type": "Feature", "properties": {"id": 113, "thana_id": 25, "name_en": "Lalbagh, Ward No-56 (Part)", "name_bn": "ওয়ার্ড ৫৬", "name_bn_verified": false, "division": "Dhaka", "district": "Dhaka", "upazila": "Lalbagh", "population": null, "source": "geoBoundaries gbOpen BGD ADM4", "source_id": "29066614B3036230853200"}, "geometry": {"type": "Polygon", "coordinates": [[[90.38991274000006, 23.727191608000055], [90.39272800500004, 23.724464582000053], [90.39947620800007, 23.724040811000066], [90.38991274000006, 23.727191608000055]]]}}, {"type": "Feature", "properties": {"id": 114, "thana_id": 25, "name_en": "Lalbagh, Ward No-59", "name_bn": "ওয়ার্ড ৫৯", "name_bn_verified": false, "division": "Dhaka", "district": "Dhaka", "upazila": "Lalbagh", "population": null, "source": "geoBoundaries gbOpen BGD ADM4", "source_id": "29066614B57827692990996"}, "geometry": {"type": "Polygon", "coordinates": [[[90.37557919900007, 23.72959124600004], [90.37728242300005, 23.726007046000063], [90.37565833800005, 23.72171987200005], [90.37855458500007, 23.720004767000034], [90.37930201200004, 23.72170399500004], [90.38232542400004, 23.722114542000043], [90.38150303400005, 23.72263438400006], [90.38006594000007, 23.723606062000044], [90.38228028500004, 23.72683782000007], [90.38188544200005, 23.732144840000046], [90.37557919900007, 23.72959124600004]]]}}, {"type": "Feature", "properties": {"id": 115, "thana_id": 25, "name_en": "Lalbagh, Ward No-60", "name_bn": "ওয়ার্ড ৬০", "name_bn_verified": false, "division": "Dhaka", "district": "Dhaka", "upazila": "Lalbagh", "population": null, "source": "geoBoundaries gbOpen BGD ADM4", "source_id": "29066614B70063525288016"}, "geometry": {"type": "Polygon", "coordinates": [[[90.38315947900008, 23.713282616000072], [90.38657003600008, 23.716650709000078], [90.38647060300008, 23.718565408000075], [90.37930201200004, 23.72170399500004], [90.37855458500007, 23.720004767000034], [90.38119748200006, 23.71426402900005], [90.38315947900008, 23.713282616000072]]]}}, {"type": "Feature", "properties": {"id": 116, "thana_id": 25, "name_en": "Lalbagh, Ward No-61", "name_bn": "ওয়ার্ড ৬১", "name_bn_verified": false, "division": "Dhaka", "district": "Dhaka", "upazila": "Lalbagh", "population": null, "source": "geoBoundaries gbOpen BGD ADM4", "source_id": "29066614B43092382864939"}, "geometry": {"type": "Polygon", "coordinates": [[[90.37930201200004, 23.72170399500004], [90.38647060300008, 23.718565408000075], [90.38657003600008, 23.716650709000078], [90.38962489600004, 23.716943824000055], [90.38997839600006, 23.71869457200006], [90.39114274000008, 23.718910367000035], [90.39059566600008, 23.720537197000056], [90.38756272200004, 23.722002150000037], [90.38500840200004, 23.72143281600006], [90.38406279500003, 23.72398787900005], [90.38150303400005, 23.72263438400006], [90.38232542400004, 23.722114542000043], [90.37930201200004, 23.72170399500004]]]}}, {"type": "Feature", "properties": {"id": 117, "thana_id": 25, "name_en": "Lalbagh, Ward No-62", "name_bn": "ওয়ার্ড ৬২", "name_bn_verified": false, "division": "Dhaka", "district": "Dhaka", "upazila": "Lalbagh", "population": null, "source": "geoBoundaries gbOpen BGD ADM4", "source_id": "29066614B45080901660721"}, "geometry": {"type": "Polygon", "coordinates": [[[90.38188544200005, 23.732144840000046], [90.38228028500004, 23.72683782000007], [90.38006594000007, 23.723606062000044], [90.38150303400005, 23.72263438400006], [90.38406279500003, 23.72398787900005], [90.38500840200004, 23.72143281600006], [90.38756272200004, 23.722002150000037], [90.39059566600008, 23.720537197000056], [90.39137170700008, 23.720559276000074], [90.38942360200008, 23.723345637000023], [90.39272800500004, 23.724464582000053], [90.38991274000006, 23.727191608000055], [90.38958630000008, 23.727498481000055], [90.38709034200008, 23.732637642000043], [90.38188544200005, 23.732144840000046]]]}}, {"type": "Feature", "properties": {"id": 118, "thana_id": 25, "name_en": "Lalbagh, Ward No-91", "name_bn": "ওয়ার্ড ৯১", "name_bn_verified": false, "division": "Dhaka", "district": "Dhaka", "upazila": "Lalbagh", "population": null, "source": "geoBoundaries gbOpen BGD ADM4", "source_id": "29066614B43399992158183"}, "geometry": {"type": "Polygon", "coordinates": [[[90.36030086500006, 23.720524132000037], [90.37088014600005, 23.714376034000054], [90.37172609800007, 23.715697813000077], [90.37814207300005, 23.71395170200003], [90.37603949400005, 23.717661169000053], [90.37179567400005, 23.71873782700004], [90.37345110300004, 23.722073359000035], [90.36512315900006, 23.72333737500003], [90.36557370800006, 23.724589801000036], [90.36064479600003, 23.72536759700006], [90.36027857300007, 23.72776716100003], [90.35861872700008, 23.72770887400003], [90.36030086500006, 23.720524132000037]]]}}, {"type": "Feature", "properties": {"id": 119, "thana_id": 25, "name_en": "Lalbagh, Ward No-92", "name_bn": "ওয়ার্ড ৯২", "name_bn_verified": false, "division": "Dhaka", "district": "Dhaka", "upazila": "Lalbagh", "population": null, "source": "geoBoundaries gbOpen BGD ADM4", "source_id": "29066614B3432004491201"}, "geometry": {"type": "Polygon", "coordinates": [[[90.38119748200006, 23.71426402900005], [90.37855458500007, 23.720004767000034], [90.37565833800005, 23.72171987200005], [90.37345110300004, 23.722073359000035], [90.37179567400005, 23.71873782700004], [90.37603949400005, 23.717661169000053], [90.37814207300005, 23.71395170200003], [90.37172609800007, 23.715697813000077], [90.37088014600005, 23.714376034000054], [90.37208209100004, 23.711098250000077], [90.37448031300005, 23.71018803000004], [90.37826684500004, 23.71092936100007], [90.38119748200006, 23.71426402900005]]]}}, {"type": "Feature", "properties": {"id": 120, "thana_id": 26, "name_en": "Mirpur, Ward No-07 (Part)", "name_bn": "ওয়ার্ড ৭", "name_bn_verified": false, "division": "Dhaka", "district": "Dhaka", "upazila": "Mirpur", "population": null, "source": "geoBoundaries gbOpen BGD ADM4", "source_id": "29066614B99561884572880"}, "geometry": {"type": "Polygon", "coordinates": [[[90.36763446900005, 23.810468705000062], [90.36098410500006, 23.810287067000047], [90.35450452400005, 23.80698578700003], [90.35156894300007, 23.80602592200006], [90.35526372400005, 23.79986486400003], [90.35774383200004, 23.801440632000038], [90.36687181300005, 23.806736986000033], [90.36855732500004, 23.807120594000025], [90.36763446900005, 23.810468705000062]]]}}, {"type": "Feature", "properties": {"id": 121, "thana_id": 26, "name_en": "Mirpur, Ward No-11", "name_bn": "ওয়ার্ড ১১", "name_bn_verified": false, "division": "Dhaka", "district": "Dhaka", "upazila": "Mirpur", "population": null, "source": "geoBoundaries gbOpen BGD ADM4", "source_id": "29066614B64233390925198"}, "geometry": {"type": "Polygon", "coordinates": [[[90.35766123900004, 23.77656465000007], [90.36203281400003, 23.777422371000057], [90.36667093500006, 23.782671916000027], [90.36352287600005, 23.784203604000027], [90.36327809500006, 23.787259293000034], [90.36101690300006, 23.788933884000073], [90.36218390300007, 23.790115400000047], [90.35987729600004, 23.790229517000057], [90.35588462300007, 23.789600920000055], [90.35517358100003, 23.785152580000045], [90.35783423900006, 23.783369911000023], [90.35766123900004, 23.77656465000007]]]}}, {"type": "Feature", "properties": {"id": 122, "thana_id": 26, "name_en": "Mirpur, Ward No-12", "name_bn": "ওয়ার্ড ১২", "name_bn_verified": false, "division": "Dhaka", "district": "Dhaka", "upazila": "Mirpur", "population": null, "source": "geoBoundaries gbOpen BGD ADM4", "source_id": "29066614B68505594122395"}, "geometry": {"type": "Polygon", "coordinates": [[[90.35526372400005, 23.79986486400003], [90.34913759600005, 23.796282020000035], [90.35020582900006, 23.793435329000033], [90.34891733900008, 23.783009900000025], [90.35180721800003, 23.781571754000026], [90.35517358100003, 23.785152580000045], [90.35588462300007, 23.789600920000055], [90.35987729600004, 23.790229517000057], [90.36065294000008, 23.792626579000057], [90.36227429300004, 23.79240018300004], [90.36169238500008, 23.79564565000004], [90.35774383200004, 23.801440632000038], [90.35526372400005, 23.79986486400003]]]}}, {"type": "Feature", "properties": {"id": 123, "thana_id": 26, "name_en": "Mirpur, Ward No-13", "name_bn": "ওয়ার্ড ১৩", "name_bn_verified": false, "division": "Dhaka", "district": "Dhaka", "upazila": "Mirpur", "population": null, "source": "geoBoundaries gbOpen BGD ADM4", "source_id": "29066614B15136474998816"}, "geometry": {"type": "Polygon", "coordinates": [[[90.35774383200004, 23.801440632000038], [90.36169238500008, 23.79564565000004], [90.36227429300004, 23.79240018300004], [90.36065294000008, 23.792626579000057], [90.35987729600004, 23.790229517000057], [90.36218390300007, 23.790115400000047], [90.36101690300006, 23.788933884000073], [90.36327809500006, 23.787259293000034], [90.36352287600005, 23.784203604000027], [90.36667093500006, 23.782671916000027], [90.36967511500006, 23.783372727000028], [90.37253676800003, 23.788127334000023], [90.36926135500005, 23.792769014000044], [90.36958677800004, 23.794542577000072], [90.36691794800004, 23.796376891000023], [90.36953062500004, 23.797346278000077], [90.36999652200006, 23.79934464400003], [90.36651988300008, 23.804000532000032], [90.36687181300005, 23.806736986000033], [90.35774383200004, 23.801440632000038]]]}}, {"type": "Feature", "properties": {"id": 124, "thana_id": 26, "name_en": "Mirpur, Ward No-14 (part)", "name_bn": "ওয়ার্ড ১৪", "name_bn_verified": false, "division": "Dhaka", "district": "Dhaka", "upazila": "Mirpur", "population": null, "source": "geoBoundaries gbOpen BGD ADM4", "source_id": "29066614B2901315653850"}, "geometry": {"type": "Polygon", "coordinates": [[[90.36855732500004, 23.807120594000025], [90.36687181300005, 23.806736986000033], [90.36651988300008, 23.804000532000032], [90.36999652200006, 23.79934464400003], [90.36953062500004, 23.797346278000077], [90.36691794800004, 23.796376891000023], [90.36958677800004, 23.794542577000072], [90.36926135500005, 23.792769014000044], [90.37253676800003, 23.788127334000023], [90.37644182500009, 23.78884608800007], [90.36856213200008, 23.807102061000023], [90.36855732500004, 23.807120594000025]]]}}, {"type": "Feature", "properties": {"id": 125, "thana_id": 27, "name_en": "Mohammadpur, Ward No-42", "name_bn": "ওয়ার্ড ৪২", "name_bn_verified": false, "division": "Dhaka", "district": "Dhaka", "upazila": "Mohammadpur", "population": null, "source": "geoBoundaries gbOpen BGD ADM4", "source_id": "29066614B9694410270240"}, "geometry": {"type": "Polygon", "coordinates": [[[90.36549200700006, 23.76429519800007], [90.36351379200005, 23.770609442000023], [90.36436157200006, 23.772237647000054], [90.36225552500008, 23.773791064000022], [90.35864324000005, 23.769458317000044], [90.35864476200004, 23.765689457000065], [90.35889710100008, 23.76241824500005], [90.36549200700006, 23.76429519800007]]]}}, {"type": "Feature", "properties": {"id": 126, "thana_id": 27, "name_en": "Mohammadpur, Ward No-44", "name_bn": "ওয়ার্ড ৪৪", "name_bn_verified": false, "division": "Dhaka", "district": "Dhaka", "upazila": "Mohammadpur", "population": null, "source": "geoBoundaries gbOpen BGD ADM4", "source_id": "29066614B64994846316974"}, "geometry": {"type": "Polygon", "coordinates": [[[90.35889710100008, 23.76241824500005], [90.35881864900006, 23.762396227000067], [90.36067545600008, 23.757897813000056], [90.36361930300006, 23.75534495900007], [90.36396105200004, 23.75505275100005], [90.36387093000008, 23.756967216000078], [90.36774940500004, 23.75692977700004], [90.36549200700006, 23.76429519800007], [90.35889710100008, 23.76241824500005]]]}}, {"type": "Feature", "properties": {"id": 127, "thana_id": 27, "name_en": "Mohammadpur, Ward No-45", "name_bn": "ওয়ার্ড ৪৫", "name_bn_verified": false, "division": "Dhaka", "district": "Dhaka", "upazila": "Mohammadpur", "population": null, "source": "geoBoundaries gbOpen BGD ADM4", "source_id": "29066614B87709665192244"}, "geometry": {"type": "Polygon", "coordinates": [[[90.36711947800006, 23.773318368000048], [90.36556917300004, 23.774932979000027], [90.36225552500008, 23.773791064000022], [90.36436157200006, 23.772237647000054], [90.36351379200005, 23.770609442000023], [90.36549200700006, 23.76429519800007], [90.36774940500004, 23.75692977700004], [90.36387093000008, 23.756967216000078], [90.36396105200004, 23.75505275100005], [90.36729175600004, 23.75224098800004], [90.37496919300008, 23.756923289000042], [90.37460911400007, 23.758032182000022], [90.36711947800006, 23.773318368000048]]]}}, {"type": "Feature", "properties": {"id": 128, "thana_id": 27, "name_en": "Mohammadpur, Ward No-46", "name_bn": "ওয়ার্ড ৪৬", "name_bn_verified": false, "division": "Dhaka", "district": "Dhaka", "upazila": "Mohammadpur", "population": null, "source": "geoBoundaries gbOpen BGD ADM4", "source_id": "29066614B61289182003729"}, "geometry": {"type": "Polygon", "coordinates": [[[90.33068476400007, 23.752617649000058], [90.32979620300006, 23.750348271000064], [90.33176251300006, 23.749399597000036], [90.33786858600007, 23.750300095000057], [90.33942653500009, 23.752031807000037], [90.34650416300008, 23.75389103200007], [90.35149464400007, 23.75807231400006], [90.35648154700004, 23.754022312000075], [90.36210392700008, 23.75314615900004], [90.36361930300006, 23.75534495900007], [90.36067545600008, 23.757897813000056], [90.35881864900006, 23.762396227000067], [90.34953944100005, 23.76218829100003], [90.34553736100008, 23.76846617800004], [90.34415995600006, 23.768590334000066], [90.34050541800008, 23.766015696000068], [90.33680647900007, 23.759240936000026], [90.33068476400007, 23.752617649000058]]]}}, {"type": "Feature", "properties": {"id": 129, "thana_id": 27, "name_en": "Mohammadpur, Ward No-47 (part)", "name_bn": "ওয়ার্ড ৪৭", "name_bn_verified": false, "division": "Dhaka", "district": "Dhaka", "upazila": "Mohammadpur", "population": null, "source": "geoBoundaries gbOpen BGD ADM4", "source_id": "29066614B58830689676160"}, "geometry": {"type": "Polygon", "coordinates": [[[90.36361930300006, 23.75534495900007], [90.36210392700008, 23.75314615900004], [90.35648154700004, 23.754022312000075], [90.35499154600006, 23.753897809000023], [90.35103206200006, 23.746215533000054], [90.35341388700004, 23.745533099000056], [90.35462373200005, 23.74751127600007], [90.35616959000004, 23.74538959100005], [90.36386487200008, 23.748789559000045], [90.36758308600008, 23.75042928000005], [90.36729175600004, 23.75224098800004], [90.36396105200004, 23.75505275100005], [90.36361930300006, 23.75534495900007]]]}}, {"type": "Feature", "properties": {"id": 130, "thana_id": 27, "name_en": "Mohammadpur, Ward No-51 (part)", "name_bn": "ওয়ার্ড ৫১", "name_bn_verified": false, "division": "Dhaka", "district": "Dhaka", "upazila": "Mohammadpur", "population": null, "source": "geoBoundaries gbOpen BGD ADM4", "source_id": "29066614B77951758951614"}, "geometry": {"type": "Polygon", "coordinates": [[[90.37460911400007, 23.758032182000022], [90.37496919300008, 23.756923289000042], [90.37823566900005, 23.75126839400008], [90.38248945600003, 23.753043865000052], [90.38181687000008, 23.758587539000075], [90.37460911400007, 23.758032182000022]]]}}, {"type": "Feature", "properties": {"id": 131, "thana_id": 28, "name_en": "Motijheel, Ward No-31", "name_bn": "ওয়ার্ড ৩১", "name_bn_verified": false, "division": "Dhaka", "district": "Dhaka", "upazila": "Motijheel", "population": null, "source": "geoBoundaries gbOpen BGD ADM4", "source_id": "29066614B80478411925522"}, "geometry": {"type": "Polygon", "coordinates": [[[90.42686036300006, 23.740800249000074], [90.42352633200005, 23.73627176100007], [90.42518683000009, 23.732413560000055], [90.42140263500005, 23.730658064000067], [90.42386419200005, 23.726740377000056], [90.42419306200009, 23.722009126000046], [90.42234939800005, 23.721536867000054], [90.42878207200005, 23.722336507000023], [90.42870815300006, 23.725209473000064], [90.42847364300007, 23.732490158000076], [90.42839572600008, 23.738555895000047], [90.42686036300006, 23.740800249000074]]]}}, {"type": "Feature", "properties": {"id": 132, "thana_id": 28, "name_en": "Motijheel, Ward No-32", "name_bn": "ওয়ার্ড ৩২", "name_bn_verified": false, "division": "Dhaka", "district": "Dhaka", "upazila": "Motijheel", "population": null, "source": "geoBoundaries gbOpen BGD ADM4", "source_id": "29066614B3303121010255"}, "geometry": {"type": "Polygon", "coordinates": [[[90.42140263500005, 23.730658064000067], [90.41708510000007, 23.735155487000043], [90.41519629000004, 23.732220769000037], [90.41390374600007, 23.722618658000044], [90.41594469800003, 23.72222233100007], [90.42234939800005, 23.721536867000054], [90.42419306200009, 23.722009126000046], [90.42386419200005, 23.726740377000056], [90.42140263500005, 23.730658064000067]]]}}, {"type": "Feature", "properties": {"id": 133, "thana_id": 28, "name_en": "Motijheel, Ward No-33", "name_bn": "ওয়ার্ড ৩৩", "name_bn_verified": false, "division": "Dhaka", "district": "Dhaka", "upazila": "Motijheel", "population": null, "source": "geoBoundaries gbOpen BGD ADM4", "source_id": "29066614B64659228735136"}, "geometry": {"type": "Polygon", "coordinates": [[[90.42352633200005, 23.73627176100007], [90.41986824600008, 23.73993563500005], [90.41708510000007, 23.735155487000043], [90.42140263500005, 23.730658064000067], [90.42518683000009, 23.732413560000055], [90.42352633200005, 23.73627176100007]]]}}, {"type": "Feature", "properties": {"id": 134, "thana_id": 28, "name_en": "Motijheel, Ward No-34", "name_bn": "ওয়ার্ড ৩৪", "name_bn_verified": false, "division": "Dhaka", "district": "Dhaka", "upazila": "Motijheel", "population": null, "source": "geoBoundaries gbOpen BGD ADM4", "source_id": "29066614B20917102481422"}, "geometry": {"type": "Polygon", "coordinates": [[[90.42088301700005, 23.748804352000036], [90.42036289700008, 23.743090754000036], [90.41600087500007, 23.74288732200006], [90.41986824600008, 23.73993563500005], [90.42352633200005, 23.73627176100007], [90.42686036300006, 23.740800249000074], [90.42663275500007, 23.743974168000022], [90.42474351000004, 23.74730525500007], [90.42088301700005, 23.748804352000036]]]}}, {"type": "Feature", "properties": {"id": 135, "thana_id": 28, "name_en": "Motijheel, Ward No-35", "name_bn": "ওয়ার্ড ৩৫", "name_bn_verified": false, "division": "Dhaka", "district": "Dhaka", "upazila": "Motijheel", "population": null, "source": "geoBoundaries gbOpen BGD ADM4", "source_id": "29066614B25599913365588"}, "geometry": {"type": "Polygon", "coordinates": [[[90.41296112300006, 23.749940735000052], [90.41293032100003, 23.749889859000064], [90.41249389500007, 23.74556330300004], [90.41427962000006, 23.74415660300008], [90.41600087500007, 23.74288732200006], [90.42036289700008, 23.743090754000036], [90.42088301700005, 23.748804352000036], [90.41600552200003, 23.74948579100004], [90.41296112300006, 23.749940735000052]]]}}, {"type": "Feature", "properties": {"id": 136, "thana_id": 29, "name_en": "Nawabganj, Agla", "name_bn": null, "name_bn_verified": false, "division": "Dhaka", "district": "Dhaka", "upazila": "Nawabganj", "population": null, "source": "geoBoundaries gbOpen BGD ADM4", "source_id": "29066614B834518249669"}, "geometry": {"type": "Polygon", "coordinates": [[[90.24843097200005, 23.65182154100006], [90.23943219400007, 23.65501860100005], [90.23570164400007, 23.65841384400005], [90.23246394200004, 23.65832219600003], [90.23232851800003, 23.66301884300003], [90.22919374000008, 23.664900621000072], [90.22718058800007, 23.665228198000023], [90.22301603100004, 23.662264744000026], [90.21514933600008, 23.666674794000073], [90.21178782600003, 23.657950433000053], [90.21298419200008, 23.648503384000037], [90.20620064700006, 23.645717486000024], [90.20590172400006, 23.644235950000052], [90.21002437700008, 23.639014013000065], [90.21049463500003, 23.635144538000077], [90.20624813300003, 23.62478346100005], [90.22745899700004, 23.623826833000066], [90.23469719800005, 23.620469419000074], [90.23725108000008, 23.623095197000055], [90.23758825700008, 23.629651891000037], [90.24136121200007, 23.63347933600005], [90.24528322300006, 23.632336189000057], [90.24733710900006, 23.633598075000066], [90.24837184700004, 23.645498170000053], [90.24673508500007, 23.649463323000077], [90.24843097200005, 23.65182154100006]]]}}, {"type": "Feature", "properties": {"id": 137, "thana_id": 29, "name_en": "Nawabganj, Bakshanagar", "name_bn": null, "name_bn_verified": false, "division": "Dhaka", "district": "Dhaka", "upazila": "Nawabganj", "population": null, "source": "geoBoundaries gbOpen BGD ADM4", "source_id": "29066614B91652526259433"}, "geometry": {"type": "Polygon", "coordinates": [[[90.20559779900003, 23.651316890000032], [90.20729073900009, 23.654979100000048], [90.20456380300004, 23.656954115000076], [90.20440055400007, 23.658781199000032], [90.20023417100003, 23.654349874000047], [90.19635190200006, 23.658188669000026], [90.18423911500008, 23.655912611000076], [90.17093833500007, 23.64603642900005], [90.16704061200005, 23.646875641000065], [90.16537024000007, 23.649715409000066], [90.15603032800004, 23.648509619000038], [90.15538247000006, 23.643501608000065], [90.15855496900008, 23.639914085000044], [90.15994554400004, 23.64028187100007], [90.15760199800008, 23.638061081000046], [90.16016951900008, 23.63473947600005], [90.15636178700004, 23.633478207000053], [90.15613483500005, 23.629148916000076], [90.15820100300004, 23.629139484000063], [90.16069610500006, 23.62612561800006], [90.16096205000008, 23.62814812000005], [90.15902270000004, 23.630157653000026], [90.16280533000008, 23.62852162100006], [90.16090664400008, 23.624675638000042], [90.16412340500005, 23.621687501000054], [90.16775006400007, 23.62290813000004], [90.16774786600007, 23.62551182900006], [90.16920584400003, 23.623356495000053], [90.17355430400005, 23.62381857400004], [90.17525990300004, 23.625267546000032], [90.17518567800005, 23.627507757000046], [90.18078146200008, 23.630376581000064], [90.18356323900008, 23.630074105000062], [90.18345906800005, 23.634250751000025], [90.18837698600004, 23.634990060000064], [90.18489382900003, 23.64709418600006], [90.19724177800003, 23.651222738000058], [90.20129276200004, 23.65026006200003], [90.20559779900003, 23.651316890000032]]]}}, {"type": "Feature", "properties": {"id": 138, "thana_id": 29, "name_en": "Nawabganj, Bandura", "name_bn": null, "name_bn_verified": false, "division": "Dhaka", "district": "Dhaka", "upazila": "Nawabganj", "population": null, "source": "geoBoundaries gbOpen BGD ADM4", "source_id": "29066614B10617885188181"}, "geometry": {"type": "Polygon", "coordinates": [[[90.12817982600006, 23.661879904000045], [90.12374469000008, 23.668505636000077], [90.11939248100003, 23.670422298000062], [90.11714887600004, 23.66979849300003], [90.11269085500004, 23.663203381000073], [90.10981640400007, 23.661458737000032], [90.10428985300007, 23.666024655000058], [90.09676849800007, 23.665297318000057], [90.09384407700009, 23.66415816700004], [90.09504449700006, 23.66335973100007], [90.09413805500003, 23.662138605000052], [90.09050718500004, 23.662961619000043], [90.08911993000004, 23.66711127800005], [90.08528699800007, 23.67039909500005], [90.08430062400004, 23.655340910000064], [90.08127058600007, 23.65581392400003], [90.07794106200004, 23.660299834000057], [90.07341919400005, 23.66094167400007], [90.07373487600006, 23.663200841000048], [90.07082325400006, 23.660901669000054], [90.06745639800005, 23.66226034300007], [90.06747514600005, 23.658783852000056], [90.06970764500005, 23.654856437000035], [90.07408501400005, 23.654250906000073], [90.07579773200007, 23.651714129000027], [90.08119379500005, 23.652542976000063], [90.08615511800008, 23.651054973000043], [90.08692429800004, 23.648818934000076], [90.08552090900008, 23.647894421000046], [90.08700003600006, 23.647043389000032], [90.09208910700005, 23.647226751000062], [90.09801248300005, 23.649769794000065], [90.10025557600005, 23.647069257000055], [90.10460298900006, 23.64551896000006], [90.12273010100006, 23.64629942700003], [90.12354877300004, 23.643946306000032], [90.12143330100008, 23.63793158800007], [90.12658986900004, 23.63629818000004], [90.12813756500003, 23.640514084000074], [90.13029482400003, 23.639483116000065], [90.13423808500005, 23.642116755000075], [90.13391311900006, 23.644349824000074], [90.13580581500008, 23.64317109600006], [90.13501473500008, 23.63635938500005], [90.13812306300008, 23.637236780000023], [90.13646367100006, 23.638150558000063], [90.13944875400006, 23.64035584900006], [90.14613313400008, 23.641160386000024], [90.14408235900004, 23.645047522000027], [90.14524867700004, 23.645990357000073], [90.14422408100006, 23.64910930900004], [90.14086224900007, 23.654738674000043], [90.14433906700003, 23.655046542000036], [90.14568388600009, 23.657431058000043], [90.14785682300004, 23.653595729000074], [90.14957752800007, 23.653681583000036], [90.14534608000008, 23.664261819000046], [90.13232999700006, 23.659674120000034], [90.12817982600006, 23.661879904000045]]]}}, {"type": "Feature", "properties": {"id": 139, "thana_id": 29, "name_en": "Nawabganj, Barrah", "name_bn": null, "name_bn_verified": false, "division": "Dhaka", "district": "Dhaka", "upazila": "Nawabganj", "population": null, "source": "geoBoundaries gbOpen BGD ADM4", "source_id": "29066614B59278496348090"}, "geometry": {"type": "Polygon", "coordinates": [[[90.21514933600008, 23.666674794000073], [90.21358942100005, 23.669671295000057], [90.21400498300005, 23.673808265000048], [90.20618898800006, 23.67756574200007], [90.21115581300006, 23.679236309000032], [90.21881477100004, 23.678930989000037], [90.21944782400004, 23.68544548600005], [90.21753693800008, 23.687950235000073], [90.21471170200005, 23.68805184400003], [90.20633808500008, 23.686050066000064], [90.19804165500005, 23.690351427000053], [90.18829663400004, 23.68865358100004], [90.18744976600004, 23.69124699100007], [90.18505302600005, 23.685751785000036], [90.17883898100007, 23.685098004000054], [90.17535313500008, 23.686257048000073], [90.17275448500004, 23.680125632000056], [90.17560389300007, 23.676193199000068], [90.17121964500006, 23.674535521000053], [90.16920203100005, 23.669008020000035], [90.16812713400003, 23.659565471000064], [90.17003261800005, 23.654601032000073], [90.16424188100007, 23.656002268000066], [90.16537024000007, 23.649715409000066], [90.16704061200005, 23.646875641000065], [90.17093833500007, 23.64603642900005], [90.18423911500008, 23.655912611000076], [90.19635190200006, 23.658188669000026], [90.20023417100003, 23.654349874000047], [90.20440055400007, 23.658781199000032], [90.20456380300004, 23.656954115000076], [90.20729073900009, 23.654979100000048], [90.20559779900003, 23.651316890000032], [90.20368663200009, 23.648545797000054], [90.20620064700006, 23.645717486000024], [90.21298419200008, 23.648503384000037], [90.21178782600003, 23.657950433000053], [90.21514933600008, 23.666674794000073]]]}}, {"type": "Feature", "properties": {"id": 140, "thana_id": 29, "name_en": "Nawabganj, Baruakhali", "name_bn": null, "name_bn_verified": false, "division": "Dhaka", "district": "Dhaka", "upazila": "Nawabganj", "population": null, "source": "geoBoundaries gbOpen BGD ADM4", "source_id": "29066614B95970942289808"}, "geometry": {"type": "Polygon", "coordinates": [[[90.09676849800007, 23.665297318000057], [90.09114341300005, 23.669641526000078], [90.09026991200005, 23.67355886000007], [90.10209133600006, 23.689723489000073], [90.10021315800003, 23.691116317000024], [90.09781343700007, 23.68948067200006], [90.09362470500008, 23.68487770200005], [90.07088917800007, 23.676884520000044], [90.06802787600003, 23.679923059000032], [90.06890638000004, 23.68712062700007], [90.07678198000008, 23.68792873800004], [90.08013995300007, 23.690686533000076], [90.07500906900003, 23.694809717000055], [90.06849904900008, 23.694209235000073], [90.06549730800003, 23.689418112000055], [90.05436954500004, 23.687758140000028], [90.05425544000008, 23.685331762000033], [90.05973350500005, 23.683780068000033], [90.06066603700003, 23.67814384600007], [90.06016007500006, 23.673563879000028], [90.05819489300006, 23.673450027000058], [90.05535334200005, 23.67005306300007], [90.05211617000003, 23.670207177000066], [90.05283709700007, 23.665909038000052], [90.05193172200006, 23.663341220000063], [90.05021037500006, 23.663347997000074], [90.05120234300006, 23.66014612400005], [90.05337238500005, 23.660384761000046], [90.05281309200006, 23.65878897700003], [90.05418084600007, 23.655310892000045], [90.05906404200005, 23.654990703000067], [90.06747514600005, 23.658783852000056], [90.06745639800005, 23.66226034300007], [90.07082325400006, 23.660901669000054], [90.07373487600006, 23.663200841000048], [90.07341919400005, 23.66094167400007], [90.07794106200004, 23.660299834000057], [90.08127058600007, 23.65581392400003], [90.08430062400004, 23.655340910000064], [90.08528699800007, 23.67039909500005], [90.08911993000004, 23.66711127800005], [90.09050718500004, 23.662961619000043], [90.09413805500003, 23.662138605000052], [90.09504449700006, 23.66335973100007], [90.09384407700009, 23.66415816700004], [90.09676849800007, 23.665297318000057]]]}}, {"type": "Feature", "properties": {"id": 141, "thana_id": 29, "name_en": "Nawabganj, Churain", "name_bn": null, "name_bn_verified": false, "division": "Dhaka", "district": "Dhaka", "upazila": "Nawabganj", "population": null, "source": "geoBoundaries gbOpen BGD ADM4", "source_id": "29066614B35871546836384"}, "geometry": {"type": "Polygon", "coordinates": [[[90.20624813300003, 23.62478346100005], [90.19818804400006, 23.626819562000037], [90.19408340900009, 23.625621134000028], [90.19146547300005, 23.62179166800007], [90.18621019400007, 23.620235394000076], [90.18282212700007, 23.61418576500006], [90.17459958000006, 23.612007040000037], [90.17603363600006, 23.60612450800005], [90.18025626000008, 23.600532315000066], [90.17740655700004, 23.596558904000062], [90.18210569900003, 23.59007637800005], [90.18288348900006, 23.585094997000056], [90.18085073100008, 23.58126463800005], [90.18348099400004, 23.58066708100006], [90.19021126900003, 23.580599713000026], [90.19204234100005, 23.57719321600007], [90.19739387200008, 23.57724974100006], [90.20121459900008, 23.57097154400003], [90.20567178900006, 23.568944052000063], [90.20634805900005, 23.570385584000064], [90.20606933400006, 23.579379821000032], [90.20876699900003, 23.589159317000053], [90.21461754400008, 23.591792874000078], [90.21709415100008, 23.594574355000077], [90.22142312000005, 23.595755492000023], [90.22293750500006, 23.599236595000036], [90.22593445600006, 23.601432311000053], [90.22490436500004, 23.606473532000052], [90.22619784100004, 23.613551088000065], [90.23469719800005, 23.620469419000074], [90.22745899700004, 23.623826833000066], [90.20624813300003, 23.62478346100005]]]}}, {"type": "Feature", "properties": {"id": 142, "thana_id": 29, "name_en": "Nawabganj, Galimpur", "name_bn": null, "name_bn_verified": false, "division": "Dhaka", "district": "Dhaka", "upazila": "Nawabganj", "population": null, "source": "geoBoundaries gbOpen BGD ADM4", "source_id": "29066614B74354323504819"}, "geometry": {"type": "Polygon", "coordinates": [[[90.20620064700006, 23.645717486000024], [90.20368663200009, 23.648545797000054], [90.20559779900003, 23.651316890000032], [90.20129276200004, 23.65026006200003], [90.19724177800003, 23.651222738000058], [90.18489382900003, 23.64709418600006], [90.18837698600004, 23.634990060000064], [90.18345906800005, 23.634250751000025], [90.18356323900008, 23.630074105000062], [90.18078146200008, 23.630376581000064], [90.17518567800005, 23.627507757000046], [90.17525990300004, 23.625267546000032], [90.17355430400005, 23.62381857400004], [90.16920584400003, 23.623356495000053], [90.16774786600007, 23.62551182900006], [90.16775006400007, 23.62290813000004], [90.16412340500005, 23.621687501000054], [90.16468735000007, 23.61968275600003], [90.16890274600007, 23.618732042000033], [90.16812792400003, 23.615798921000078], [90.17021456900005, 23.608086597000067], [90.17339253800003, 23.605649306000032], [90.17603363600006, 23.60612450800005], [90.17459958000006, 23.612007040000037], [90.18282212700007, 23.61418576500006], [90.18621019400007, 23.620235394000076], [90.19146547300005, 23.62179166800007], [90.19408340900009, 23.625621134000028], [90.19818804400006, 23.626819562000037], [90.20624813300003, 23.62478346100005], [90.21049463500003, 23.635144538000077], [90.21002437700008, 23.639014013000065], [90.20590172400006, 23.644235950000052], [90.20620064700006, 23.645717486000024]]]}}, {"type": "Feature", "properties": {"id": 143, "thana_id": 29, "name_en": "Nawabganj, Jantrail", "name_bn": null, "name_bn_verified": false, "division": "Dhaka", "district": "Dhaka", "upazila": "Nawabganj", "population": null, "source": "geoBoundaries gbOpen BGD ADM4", "source_id": "29066614B89177360852557"}, "geometry": {"type": "Polygon", "coordinates": [[[90.14534608000008, 23.664261819000046], [90.15169037600003, 23.668039890000045], [90.15678336100007, 23.667414386000075], [90.16191467100003, 23.663109529000053], [90.16424188100007, 23.656002268000066], [90.17003261800005, 23.654601032000073], [90.16812713400003, 23.659565471000064], [90.16920203100005, 23.669008020000035], [90.17121964500006, 23.674535521000053], [90.17560389300007, 23.676193199000068], [90.17275448500004, 23.680125632000056], [90.17535313500008, 23.686257048000073], [90.17233601200007, 23.69008578300003], [90.16444997600007, 23.688846152000053], [90.15736231700004, 23.69867093000005], [90.15344177300005, 23.698441710000054], [90.14912008600004, 23.70099766800007], [90.14596255900005, 23.70085559000006], [90.14344522100004, 23.70447497200007], [90.13431188800007, 23.705056178000063], [90.12906983800008, 23.70376727000007], [90.12629955800008, 23.70216173600005], [90.12821799400007, 23.700995506000027], [90.12457136800003, 23.69645446900006], [90.11557139000007, 23.695125173000065], [90.12051592500006, 23.693396155000073], [90.12221756300005, 23.688264807000053], [90.12497416600007, 23.686165887000072], [90.12410895700003, 23.677141765000044], [90.12588382700005, 23.677158964000057], [90.12655454800006, 23.674430533000077], [90.12877997700008, 23.67451902600004], [90.12857272000008, 23.669427561000077], [90.12725593200008, 23.66889797400006], [90.12817982600006, 23.661879904000045], [90.13232999700006, 23.659674120000034], [90.14534608000008, 23.664261819000046]]]}}, {"type": "Feature", "properties": {"id": 144, "thana_id": 29, "name_en": "Nawabganj, Joykrishnapur", "name_bn": null, "name_bn_verified": false, "division": "Dhaka", "district": "Dhaka", "upazila": "Nawabganj", "population": null, "source": "geoBoundaries gbOpen BGD ADM4", "source_id": "29066614B24706728161158"}, "geometry": {"type": "Polygon", "coordinates": [[[90.02055118700008, 23.665207611000028], [90.02301660200004, 23.668493494000074], [90.02444823500008, 23.664267075000055], [90.02732526600005, 23.664393054000072], [90.02794411400004, 23.666374503000043], [90.02920824000006, 23.66625797300003], [90.03251791900004, 23.660940973000038], [90.03245869800008, 23.65814591000003], [90.03558894200006, 23.657944245000067], [90.03578926800003, 23.656502344000046], [90.03948355000006, 23.657095350000077], [90.04202445200008, 23.650103885000078], [90.04453274500008, 23.652579858000024], [90.04591060100006, 23.659164906000058], [90.05281309200006, 23.65878897700003], [90.05337238500005, 23.660384761000046], [90.05120234300006, 23.66014612400005], [90.05021037500006, 23.663347997000074], [90.05193172200006, 23.663341220000063], [90.05283709700007, 23.665909038000052], [90.05211617000003, 23.670207177000066], [90.05535334200005, 23.67005306300007], [90.05819489300006, 23.673450027000058], [90.06016007500006, 23.673563879000028], [90.06066603700003, 23.67814384600007], [90.05973350500005, 23.683780068000033], [90.05425544000008, 23.685331762000033], [90.05436954500004, 23.687758140000028], [90.06549730800003, 23.689418112000055], [90.06849904900008, 23.694209235000073], [90.07500906900003, 23.694809717000055], [90.07212617100004, 23.69868950700004], [90.06212633200005, 23.70445445400003], [90.05621489500004, 23.712460252000028], [90.05044863800003, 23.712413123000033], [90.04534881900008, 23.711344327000063], [90.04229258800007, 23.712995918000047], [90.04306566900004, 23.707127273000026], [90.04061895400008, 23.70582496700007], [90.04013742400008, 23.70102307800005], [90.03674258600006, 23.700318241000048], [90.03985907900005, 23.69899079000004], [90.03993229400004, 23.695809561000033], [90.04258452900007, 23.694365877000052], [90.03667005900007, 23.69526275900006], [90.03830055900005, 23.690285335000056], [90.03473397500005, 23.68694858300006], [90.03790790100004, 23.684936364000066], [90.03710515500006, 23.682721280000067], [90.03621548500007, 23.68195257900004], [90.03514558300003, 23.683396370000025], [90.03469014500007, 23.68115466000006], [90.03070250300004, 23.68053619500006], [90.03053419500009, 23.676398671000072], [90.02618640700007, 23.671744215000047], [90.02197312200008, 23.674207421000062], [90.01842444700009, 23.670144277000077], [90.02055118700008, 23.665207611000028]]]}}, {"type": "Feature", "properties": {"id": 145, "thana_id": 29, "name_en": "Nawabganj, Kailail", "name_bn": null, "name_bn_verified": false, "division": "Dhaka", "district": "Dhaka", "upazila": "Nawabganj", "population": null, "source": "geoBoundaries gbOpen BGD ADM4", "source_id": "29066614B17503062203947"}, "geometry": {"type": "Polygon", "coordinates": [[[90.24843097200005, 23.65182154100006], [90.25010290600005, 23.654765775000044], [90.25395018100005, 23.653669385000057], [90.26291220000007, 23.656224250000037], [90.26821199500006, 23.65307179200005], [90.27350625300005, 23.662411380000037], [90.28618321000005, 23.673856036000075], [90.27944416300005, 23.680072650000056], [90.27722582000007, 23.68415432000006], [90.27287518400004, 23.693213334000063], [90.26484857200006, 23.702301135000027], [90.25551166900004, 23.715085034000026], [90.23673333200009, 23.715669283000068], [90.23602937400005, 23.71324848000006], [90.22632639200003, 23.70928183500007], [90.22384521900005, 23.70952876000007], [90.22116282200005, 23.701161597000066], [90.21629413800008, 23.69545135900006], [90.21909247400004, 23.69511490900004], [90.21700161900009, 23.694348382000044], [90.21658040400007, 23.691529648000028], [90.21385173200008, 23.68961738200005], [90.21471170200005, 23.68805184400003], [90.21753693800008, 23.687950235000073], [90.21944782400004, 23.68544548600005], [90.21881477100004, 23.678930989000037], [90.21115581300006, 23.679236309000032], [90.20618898800006, 23.67756574200007], [90.21400498300005, 23.673808265000048], [90.21358942100005, 23.669671295000057], [90.21514933600008, 23.666674794000073], [90.22301603100004, 23.662264744000026], [90.22718058800007, 23.665228198000023], [90.22919374000008, 23.664900621000072], [90.23232851800003, 23.66301884300003], [90.23246394200004, 23.65832219600003], [90.23570164400007, 23.65841384400005], [90.23943219400007, 23.65501860100005], [90.24843097200005, 23.65182154100006]]]}}, {"type": "Feature", "properties": {"id": 146, "thana_id": 29, "name_en": "Nawabganj, Kalakopa", "name_bn": null, "name_bn_verified": false, "division": "Dhaka", "district": "Dhaka", "upazila": "Nawabganj", "population": null, "source": "geoBoundaries gbOpen BGD ADM4", "source_id": "29066614B11202860489837"}, "geometry": {"type": "Polygon", "coordinates": [[[90.16537024000007, 23.649715409000066], [90.16424188100007, 23.656002268000066], [90.16191467100003, 23.663109529000053], [90.15678336100007, 23.667414386000075], [90.15169037600003, 23.668039890000045], [90.14534608000008, 23.664261819000046], [90.14957752800007, 23.653681583000036], [90.14785682300004, 23.653595729000074], [90.14568388600009, 23.657431058000043], [90.14433906700003, 23.655046542000036], [90.14086224900007, 23.654738674000043], [90.14422408100006, 23.64910930900004], [90.14524867700004, 23.645990357000073], [90.14408235900004, 23.645047522000027], [90.14613313400008, 23.641160386000024], [90.13944875400006, 23.64035584900006], [90.14376970500007, 23.638210010000023], [90.14387469500008, 23.63643441000005], [90.14607144000007, 23.63912920100006], [90.14737195000004, 23.63872883700003], [90.14922698100008, 23.63639660900003], [90.14663988300003, 23.63644875600005], [90.14534454400007, 23.633744661000037], [90.14993756400008, 23.629994512000053], [90.15613483500005, 23.629148916000076], [90.15636178700004, 23.633478207000053], [90.16016951900008, 23.63473947600005], [90.15760199800008, 23.638061081000046], [90.15994554400004, 23.64028187100007], [90.15855496900008, 23.639914085000044], [90.15538247000006, 23.643501608000065], [90.15603032800004, 23.648509619000038], [90.16537024000007, 23.649715409000066]]]}}, {"type": "Feature", "properties": {"id": 147, "thana_id": 29, "name_en": "Nawabganj, Nayansree", "name_bn": null, "name_bn_verified": false, "division": "Dhaka", "district": "Dhaka", "upazila": "Nawabganj", "population": null, "source": "geoBoundaries gbOpen BGD ADM4", "source_id": "29066614B44262715145562"}, "geometry": {"type": "Polygon", "coordinates": [[[90.12817982600006, 23.661879904000045], [90.12725593200008, 23.66889797400006], [90.12857272000008, 23.669427561000077], [90.12877997700008, 23.67451902600004], [90.12655454800006, 23.674430533000077], [90.12588382700005, 23.677158964000057], [90.12410895700003, 23.677141765000044], [90.12497416600007, 23.686165887000072], [90.12221756300005, 23.688264807000053], [90.12051592500006, 23.693396155000073], [90.11557139000007, 23.695125173000065], [90.12457136800003, 23.69645446900006], [90.12821799400007, 23.700995506000027], [90.12629955800008, 23.70216173600005], [90.12906983800008, 23.70376727000007], [90.12611365500004, 23.704887502000076], [90.12396378100004, 23.711013404000028], [90.12088213300007, 23.712938675000032], [90.12039472100008, 23.715979682000068], [90.11615022500007, 23.718800559000044], [90.11270020200004, 23.716958186000056], [90.10516785100003, 23.718832689000067], [90.10476300300007, 23.72707302300006], [90.10768796800005, 23.72742837000004], [90.10746343700004, 23.728430024000033], [90.09959877500006, 23.73013004300003], [90.09511963100005, 23.729009990000065], [90.08449204800007, 23.729504489000078], [90.08366898200006, 23.728336334000062], [90.08182541400004, 23.725466623000045], [90.08106841400007, 23.717020898000044], [90.08145548200008, 23.70988204400004], [90.08449205100004, 23.709997843000053], [90.08362260700005, 23.703690102000053], [90.08466367100004, 23.70231092000006], [90.08517305600003, 23.703584816000046], [90.08731370300006, 23.70316924800005], [90.08691970100006, 23.700256988000035], [90.08869442200006, 23.69913987700005], [90.08881054100004, 23.69678791800004], [90.09485443100004, 23.696384071000068], [90.09781343700007, 23.68948067200006], [90.10021315800003, 23.691116317000024], [90.10209133600006, 23.689723489000073], [90.09026991200005, 23.67355886000007], [90.09114341300005, 23.669641526000078], [90.09676849800007, 23.665297318000057], [90.10428985300007, 23.666024655000058], [90.10981640400007, 23.661458737000032], [90.11269085500004, 23.663203381000073], [90.11714887600004, 23.66979849300003], [90.11939248100003, 23.670422298000062], [90.12374469000008, 23.668505636000077], [90.12817982600006, 23.661879904000045]]]}}, {"type": "Feature", "properties": {"id": 148, "thana_id": 29, "name_en": "Nawabganj, Shikari Para", "name_bn": null, "name_bn_verified": false, "division": "Dhaka", "district": "Dhaka", "upazila": "Nawabganj", "population": null, "source": "geoBoundaries gbOpen BGD ADM4", "source_id": "29066614B97813681817858"}, "geometry": {"type": "Polygon", "coordinates": [[[90.09781343700007, 23.68948067200006], [90.09485443100004, 23.696384071000068], [90.08881054100004, 23.69678791800004], [90.08869442200006, 23.69913987700005], [90.08691970100006, 23.700256988000035], [90.08731370300006, 23.70316924800005], [90.08517305600003, 23.703584816000046], [90.08466367100004, 23.70231092000006], [90.08362260700005, 23.703690102000053], [90.08449205100004, 23.709997843000053], [90.08145548200008, 23.70988204400004], [90.08106841400007, 23.717020898000044], [90.07960186800005, 23.717228282000065], [90.07889607900006, 23.719702471000062], [90.07587408200004, 23.718661272000077], [90.07476450000007, 23.72285467100005], [90.06936465800004, 23.724330079000026], [90.06964035000004, 23.726753536000047], [90.05879569200005, 23.725013038000043], [90.05572145900004, 23.72722040800005], [90.05123130900006, 23.725760924000042], [90.05270414200004, 23.71872509700006], [90.05044863800003, 23.712413123000033], [90.05621489500004, 23.712460252000028], [90.06212633200005, 23.70445445400003], [90.07212617100004, 23.69868950700004], [90.07500906900003, 23.694809717000055], [90.08013995300007, 23.690686533000076], [90.07678198000008, 23.68792873800004], [90.06890638000004, 23.68712062700007], [90.06802787600003, 23.679923059000032], [90.07088917800007, 23.676884520000044], [90.09362470500008, 23.68487770200005], [90.09781343700007, 23.68948067200006]]]}}, {"type": "Feature", "properties": {"id": 149, "thana_id": 29, "name_en": "Nawabganj, Sholla", "name_bn": null, "name_bn_verified": false, "division": "Dhaka", "district": "Dhaka", "upazila": "Nawabganj", "population": null, "source": "geoBoundaries gbOpen BGD ADM4", "source_id": "29066614B40250259912399"}, "geometry": {"type": "Polygon", "coordinates": [[[90.21471170200005, 23.68805184400003], [90.21385173200008, 23.68961738200005], [90.21658040400007, 23.691529648000028], [90.21700161900009, 23.694348382000044], [90.21909247400004, 23.69511490900004], [90.21629413800008, 23.69545135900006], [90.22116282200005, 23.701161597000066], [90.22384521900005, 23.70952876000007], [90.21747973500004, 23.71225666600003], [90.21209091200006, 23.721353253000075], [90.20771521500006, 23.725365733000046], [90.20418777500004, 23.725929889000042], [90.20293505600006, 23.722390740000037], [90.19801015800005, 23.723514349000027], [90.19339800700004, 23.72179889800003], [90.19090897200005, 23.722329837000075], [90.18839921900008, 23.716561608000063], [90.18577020600009, 23.72232198000006], [90.18282645700003, 23.721973777000073], [90.17638801400005, 23.726252570000042], [90.16957171200005, 23.727212009000027], [90.16394938400003, 23.72535847300003], [90.15899346200007, 23.726050128000054], [90.15562356000004, 23.733219275000067], [90.15875477300006, 23.737818228000037], [90.15701804300005, 23.745239753000078], [90.15436752100004, 23.747673895000048], [90.14952040200006, 23.74641239600004], [90.14740321900007, 23.74769142100007], [90.14568220500007, 23.74815540900005], [90.14210399900008, 23.745708637000064], [90.13732075700005, 23.746112655000047], [90.12957446100006, 23.734844335000048], [90.12449969600004, 23.734628334000035], [90.12093686500003, 23.72608117900006], [90.11674277400004, 23.72491579900003], [90.11758212100005, 23.721027726000045], [90.11615022500007, 23.718800559000044], [90.12039472100008, 23.715979682000068], [90.12088213300007, 23.712938675000032], [90.12396378100004, 23.711013404000028], [90.12611365500004, 23.704887502000076], [90.12906983800008, 23.70376727000007], [90.13431188800007, 23.705056178000063], [90.14344522100004, 23.70447497200007], [90.14596255900005, 23.70085559000006], [90.14912008600004, 23.70099766800007], [90.15344177300005, 23.698441710000054], [90.15736231700004, 23.69867093000005], [90.16444997600007, 23.688846152000053], [90.17233601200007, 23.69008578300003], [90.17535313500008, 23.686257048000073], [90.17883898100007, 23.685098004000054], [90.18505302600005, 23.685751785000036], [90.18744976600004, 23.69124699100007], [90.18829663400004, 23.68865358100004], [90.19804165500005, 23.690351427000053], [90.20633808500008, 23.686050066000064], [90.21471170200005, 23.68805184400003]]]}}, {"type": "Feature", "properties": {"id": 150, "thana_id": 30, "name_en": "New Market, Ward No-52", "name_bn": "ওয়ার্ড ৫২", "name_bn_verified": false, "division": "Dhaka", "district": "Dhaka", "upazila": "New Market", "population": null, "source": "geoBoundaries gbOpen BGD ADM4", "source_id": "29066614B9752476477947"}, "geometry": {"type": "Polygon", "coordinates": [[[90.37028941100004, 23.73248650200003], [90.37061120300007, 23.731994411000073], [90.37557919900007, 23.72959124600004], [90.38188544200005, 23.732144840000046], [90.38709034200008, 23.732637642000043], [90.39182644100003, 23.741673021000054], [90.38371901600004, 23.74150342300004], [90.38320792300004, 23.74009120200003], [90.38353331100006, 23.738472226000056], [90.38124331500006, 23.737811831000045], [90.37635927200006, 23.73828847300007], [90.37026637700006, 23.736020774000053], [90.37028941100004, 23.73248650200003]]]}}, {"type": "Feature", "properties": {"id": 151, "thana_id": 31, "name_en": "Pallabi, Ward No-02", "name_bn": "ওয়ার্ড ২", "name_bn_verified": false, "division": "Dhaka", "district": "Dhaka", "upazila": "Pallabi", "population": null, "source": "geoBoundaries gbOpen BGD ADM4", "source_id": "29066614B74076875298171"}, "geometry": {"type": "Polygon", "coordinates": [[[90.36296666700008, 23.84480840200007], [90.36134850300004, 23.843363629000066], [90.36080533300003, 23.834043998000027], [90.36323926700004, 23.833165523000048], [90.36495426800008, 23.820288104000042], [90.37764843300005, 23.822866101000045], [90.37760215300005, 23.82977489700005], [90.36704391400008, 23.83634665200003], [90.36582673600003, 23.844371469000066], [90.36296666700008, 23.84480840200007]]]}}, {"type": "Feature", "properties": {"id": 152, "thana_id": 31, "name_en": "Pallabi, Ward No-03", "name_bn": "ওয়ার্ড ৩", "name_bn_verified": false, "division": "Dhaka", "district": "Dhaka", "upazila": "Pallabi", "population": null, "source": "geoBoundaries gbOpen BGD ADM4", "source_id": "29066614B41117808677688"}, "geometry": {"type": "Polygon", "coordinates": [[[90.37765694700005, 23.81138640900008], [90.37660850400005, 23.81218791300006], [90.37742835000006, 23.817989744000045], [90.36929547800008, 23.816365233000056], [90.37012388600004, 23.81341227400003], [90.36695869500005, 23.81292890900005], [90.36763446900005, 23.810468705000062], [90.36855732500004, 23.807120594000025], [90.36856213200008, 23.807102061000023], [90.37458888900005, 23.806165187000033], [90.37765694700005, 23.81138640900008]]]}}, {"type": "Feature", "properties": {"id": 153, "thana_id": 31, "name_en": "Pallabi, Ward No-05", "name_bn": "ওয়ার্ড ৫", "name_bn_verified": false, "division": "Dhaka", "district": "Dhaka", "upazila": "Pallabi", "population": null, "source": "geoBoundaries gbOpen BGD ADM4", "source_id": "29066614B38663003555667"}, "geometry": {"type": "Polygon", "coordinates": [[[90.37764843300005, 23.822866101000045], [90.36495426800008, 23.820288104000042], [90.36695869500005, 23.81292890900005], [90.37012388600004, 23.81341227400003], [90.36929547800008, 23.816365233000056], [90.37742835000006, 23.817989744000045], [90.37660850400005, 23.81218791300006], [90.37765694700005, 23.81138640900008], [90.38297891500008, 23.811696762000054], [90.38306273900008, 23.816738563000058], [90.38286571600008, 23.82083616600005], [90.38216552500006, 23.82287684100004], [90.37764843300005, 23.822866101000045]]]}}, {"type": "Feature", "properties": {"id": 154, "thana_id": 31, "name_en": "Pallabi, Ward No-06", "name_bn": "ওয়ার্ড ৬", "name_bn_verified": false, "division": "Dhaka", "district": "Dhaka", "upazila": "Pallabi", "population": null, "source": "geoBoundaries gbOpen BGD ADM4", "source_id": "29066614B22643905365994"}, "geometry": {"type": "Polygon", "coordinates": [[[90.35112370900003, 23.82788392300006], [90.35132045700004, 23.820990873000028], [90.352707, 23.82066141000007], [90.35125064400006, 23.817623054000023], [90.35267673800007, 23.816955913000072], [90.35297572100006, 23.81381337700003], [90.35611084800007, 23.814403466000044], [90.35670601000004, 23.81193881300004], [90.35295906100004, 23.811013821000074], [90.35450452400005, 23.80698578700003], [90.36098410500006, 23.810287067000047], [90.36763446900005, 23.810468705000062], [90.36695869500005, 23.81292890900005], [90.36495426800008, 23.820288104000042], [90.36323926700004, 23.833165523000048], [90.36080533300003, 23.834043998000027], [90.36134850300004, 23.843363629000066], [90.36296666700008, 23.84480840200007], [90.36415250900006, 23.846594587000027], [90.36319206000007, 23.848606002000054], [90.35719537200004, 23.848313484000073], [90.35339700800006, 23.84568138800006], [90.35602082500003, 23.84321796200004], [90.35450348500007, 23.829156262000026], [90.35112370900003, 23.82788392300006]]]}}, {"type": "Feature", "properties": {"id": 155, "thana_id": 31, "name_en": "Pallabi, Ward No-15 (part)", "name_bn": "ওয়ার্ড ১৫", "name_bn_verified": false, "division": "Dhaka", "district": "Dhaka", "upazila": "Pallabi", "population": null, "source": "geoBoundaries gbOpen BGD ADM4", "source_id": "29066614B89925184460261"}, "geometry": {"type": "Polygon", "coordinates": [[[90.38216552500006, 23.82287684100004], [90.38286571600008, 23.82083616600005], [90.39347710800007, 23.826926627000034], [90.38892951300005, 23.83207710000005], [90.38724804100008, 23.841721722000045], [90.38414202400008, 23.842823130000056], [90.38143899600004, 23.836326377000034], [90.38384997900005, 23.824970587000053], [90.38216552500006, 23.82287684100004]]]}}, {"type": "Feature", "properties": {"id": 156, "thana_id": 32, "name_en": "Paltan, Ward No-36", "name_bn": "ওয়ার্ড ৩৬", "name_bn_verified": false, "division": "Dhaka", "district": "Dhaka", "upazila": "Paltan", "population": null, "source": "geoBoundaries gbOpen BGD ADM4", "source_id": "29066614B25185864846738"}, "geometry": {"type": "Polygon", "coordinates": [[[90.41708510000007, 23.735155487000043], [90.41986824600008, 23.73993563500005], [90.41600087500007, 23.74288732200006], [90.41427962000006, 23.74415660300008], [90.40877749200007, 23.737507768000057], [90.41031646400006, 23.73624902000006], [90.41190834600008, 23.722991042000046], [90.41390374600007, 23.722618658000044], [90.41519629000004, 23.732220769000037], [90.41708510000007, 23.735155487000043]]]}}, {"type": "Feature", "properties": {"id": 157, "thana_id": 33, "name_en": "Ramna, Ward No-53", "name_bn": "ওয়ার্ড ৫৩", "name_bn_verified": false, "division": "Dhaka", "district": "Dhaka", "upazila": "Ramna", "population": null, "source": "geoBoundaries gbOpen BGD ADM4", "source_id": "29066614B82725978414899"}, "geometry": {"type": "Polygon", "coordinates": [[[90.41293032100003, 23.749889859000064], [90.41144869900006, 23.750049107000052], [90.40993617000004, 23.748408132000066], [90.40562262700007, 23.74925047000005], [90.39638420500006, 23.746375272000023], [90.39516239900007, 23.744420757000057], [90.39599463500008, 23.741479903000027], [90.39779613900004, 23.741906589000052], [90.40286733100004, 23.739226119000023], [90.40424430800005, 23.73657957300003], [90.41031646400006, 23.73624902000006], [90.40877749200007, 23.737507768000057], [90.41427962000006, 23.74415660300008], [90.41249389500007, 23.74556330300004], [90.41293032100003, 23.749889859000064]]]}}, {"type": "Feature", "properties": {"id": 158, "thana_id": 33, "name_en": "Ramna, Ward No-54", "name_bn": "ওয়ার্ড ৫৪", "name_bn_verified": false, "division": "Dhaka", "district": "Dhaka", "upazila": "Ramna", "population": null, "source": "geoBoundaries gbOpen BGD ADM4", "source_id": "29066614B22830555074484"}, "geometry": {"type": "Polygon", "coordinates": [[[90.39869249100008, 23.75164991500003], [90.39412411500007, 23.747612540000034], [90.39467742000005, 23.74590583500003], [90.39638420500006, 23.746375272000023], [90.40562262700007, 23.74925047000005], [90.40993617000004, 23.748408132000066], [90.41144869900006, 23.750049107000052], [90.40775941000004, 23.752856258000065], [90.40599000200007, 23.75842884700006], [90.39869249100008, 23.75164991500003]]]}}, {"type": "Feature", "properties": {"id": 159, "thana_id": 33, "name_en": "Ramna, Ward No-55", "name_bn": "ওয়ার্ড ৫৫", "name_bn_verified": false, "division": "Dhaka", "district": "Dhaka", "upazila": "Ramna", "population": null, "source": "geoBoundaries gbOpen BGD ADM4", "source_id": "29066614B58161230057672"}, "geometry": {"type": "Polygon", "coordinates": [[[90.40901550300003, 23.761133404000077], [90.40599000200007, 23.75842884700006], [90.40775941000004, 23.752856258000065], [90.41144869900006, 23.750049107000052], [90.41293032100003, 23.749889859000064], [90.41296112300006, 23.749940735000052], [90.41635169000006, 23.75588569300004], [90.40901550300003, 23.761133404000077]]]}}, {"type": "Feature", "properties": {"id": 160, "thana_id": 34, "name_en": "Rampura, Ward No-22", "name_bn": "ওয়ার্ড ২২", "name_bn_verified": false, "division": "Dhaka", "district": "Dhaka", "upazila": "Rampura", "population": null, "source": "geoBoundaries gbOpen BGD ADM4", "source_id": "29066614B53736812114452"}, "geometry": {"type": "Polygon", "coordinates": [[[90.42471882800004, 23.768408623000028], [90.41756887700006, 23.76983476500004], [90.41520743100006, 23.770258882000064], [90.41536906800008, 23.76765258100005], [90.40901550300003, 23.761133404000077], [90.41635169000006, 23.75588569300004], [90.41966944600006, 23.75916225000003], [90.42473199200003, 23.75648230300004], [90.42697924300006, 23.75747573700005], [90.42932736400007, 23.76097201600004], [90.43233812400007, 23.760133894000035], [90.43362746600008, 23.763233241000023], [90.42471882800004, 23.768408623000028]]]}}, {"type": "Feature", "properties": {"id": 161, "thana_id": 34, "name_en": "Rampura, Ward No-23", "name_bn": "ওয়ার্ড ২৩", "name_bn_verified": false, "division": "Dhaka", "district": "Dhaka", "upazila": "Rampura", "population": null, "source": "geoBoundaries gbOpen BGD ADM4", "source_id": "29066614B19010979183739"}, "geometry": {"type": "Polygon", "coordinates": [[[90.41635169000006, 23.75588569300004], [90.41296112300006, 23.749940735000052], [90.41600552200003, 23.74948579100004], [90.41823806700006, 23.752397033000022], [90.42495022300005, 23.75068697300003], [90.42651224700006, 23.75555991300007], [90.42697924300006, 23.75747573700005], [90.42473199200003, 23.75648230300004], [90.41966944600006, 23.75916225000003], [90.41635169000006, 23.75588569300004]]]}}, {"type": "Feature", "properties": {"id": 162, "thana_id": 35, "name_en": "Sabujbagh, Dakshingaon (Part)", "name_bn": null, "name_bn_verified": false, "division": "Dhaka", "district": "Dhaka", "upazila": "Sabujbagh", "population": null, "source": "geoBoundaries gbOpen BGD ADM4", "source_id": "29066614B91415298403770"}, "geometry": {"type": "Polygon", "coordinates": [[[90.44310025500005, 23.744503216000055], [90.44428424600005, 23.742470254000068], [90.44679636800004, 23.74016319800006], [90.44326369200007, 23.738396265000063], [90.44347868900007, 23.73439634700003], [90.44812180100007, 23.733226366000054], [90.44762432500005, 23.73210382800005], [90.44959634900005, 23.73065121600007], [90.45615400100007, 23.73311933100007], [90.46434883900008, 23.73478683600007], [90.46410488700008, 23.73845418600007], [90.46239859600007, 23.740469588000053], [90.46000121500003, 23.740595290000044], [90.46017981800009, 23.742731501000037], [90.45712267800008, 23.74079351000006], [90.44823304500005, 23.744233817000065], [90.44310025500005, 23.744503216000055]]]}}, {"type": "Feature", "properties": {"id": 163, "thana_id": 35, "name_en": "Sabujbagh, Manda", "name_bn": null, "name_bn_verified": false, "division": "Dhaka", "district": "Dhaka", "upazila": "Sabujbagh", "population": null, "source": "geoBoundaries gbOpen BGD ADM4", "source_id": "29066614B47540275048426"}, "geometry": {"type": "Polygon", "coordinates": [[[90.44347868900007, 23.73439634700003], [90.44375502000008, 23.733327674000066], [90.43899870000007, 23.732703463000064], [90.43849340400004, 23.735551533000034], [90.43710699400003, 23.73462032200007], [90.43461357600006, 23.726142782000068], [90.43833225500003, 23.724841217000062], [90.43954346500004, 23.72276709600004], [90.44174336700007, 23.722575645000063], [90.44293891800004, 23.723806856000067], [90.44774277300007, 23.72387431800007], [90.44672750800004, 23.728598428000055], [90.44959634900005, 23.73065121600007], [90.44762432500005, 23.73210382800005], [90.44812180100007, 23.733226366000054], [90.44347868900007, 23.73439634700003]]]}}, {"type": "Feature", "properties": {"id": 164, "thana_id": 35, "name_en": "Sabujbagh, Ward No-27", "name_bn": "ওয়ার্ড ২৭", "name_bn_verified": false, "division": "Dhaka", "district": "Dhaka", "upazila": "Sabujbagh", "population": null, "source": "geoBoundaries gbOpen BGD ADM4", "source_id": "29066614B79761447113917"}, "geometry": {"type": "Polygon", "coordinates": [[[90.44193851600005, 23.746961772000077], [90.43425042800004, 23.74284155400005], [90.43380376000005, 23.74571675100003], [90.43163515800006, 23.745447237000064], [90.43136537000004, 23.744255259000056], [90.42663275500007, 23.743974168000022], [90.42686036300006, 23.740800249000074], [90.42839572600008, 23.738555895000047], [90.43142632500007, 23.73750219300007], [90.43489248600008, 23.74083791000004], [90.43555294600009, 23.739153757000054], [90.43957948400003, 23.738241817000073], [90.44191618800005, 23.74235466400006], [90.44428424600005, 23.742470254000068], [90.44310025500005, 23.744503216000055], [90.44152233500006, 23.745422836000046], [90.44193851600005, 23.746961772000077]]]}}, {"type": "Feature", "properties": {"id": 165, "thana_id": 35, "name_en": "Sabujbagh, Ward No-28", "name_bn": "ওয়ার্ড ২৮", "name_bn_verified": false, "division": "Dhaka", "district": "Dhaka", "upazila": "Sabujbagh", "population": null, "source": "geoBoundaries gbOpen BGD ADM4", "source_id": "29066614B75577079173319"}, "geometry": {"type": "Polygon", "coordinates": [[[90.44428424600005, 23.742470254000068], [90.44191618800005, 23.74235466400006], [90.43957948400003, 23.738241817000073], [90.43555294600009, 23.739153757000054], [90.43489248600008, 23.74083791000004], [90.43142632500007, 23.73750219300007], [90.42839572600008, 23.738555895000047], [90.42847364300007, 23.732490158000076], [90.43710699400003, 23.73462032200007], [90.43849340400004, 23.735551533000034], [90.43899870000007, 23.732703463000064], [90.44375502000008, 23.733327674000066], [90.44347868900007, 23.73439634700003], [90.44326369200007, 23.738396265000063], [90.44679636800004, 23.74016319800006], [90.44428424600005, 23.742470254000068]]]}}, {"type": "Feature", "properties": {"id": 166, "thana_id": 35, "name_en": "Sabujbagh, Ward No-29", "name_bn": "ওয়ার্ড ২৯", "name_bn_verified": false, "division": "Dhaka", "district": "Dhaka", "upazila": "Sabujbagh", "population": null, "source": "geoBoundaries gbOpen BGD ADM4", "source_id": "29066614B54077597033732"}, "geometry": {"type": "Polygon", "coordinates": [[[90.43710699400003, 23.73462032200007], [90.42847364300007, 23.732490158000076], [90.42870815300006, 23.725209473000064], [90.43461357600006, 23.726142782000068], [90.43710699400003, 23.73462032200007]]]}}, {"type": "Feature", "properties": {"id": 167, "thana_id": 35, "name_en": "Sabujbagh, Ward No-30", "name_bn": "ওয়ার্ড ৩০", "name_bn_verified": false, "division": "Dhaka", "district": "Dhaka", "upazila": "Sabujbagh", "population": null, "source": "geoBoundaries gbOpen BGD ADM4", "source_id": "29066614B50180582408927"}, "geometry": {"type": "Polygon", "coordinates": [[[90.43461357600006, 23.726142782000068], [90.42870815300006, 23.725209473000064], [90.42878207200005, 23.722336507000023], [90.42837034700005, 23.720332246000055], [90.43121723800004, 23.719668222000053], [90.43214467400009, 23.72255456000005], [90.43954346500004, 23.72276709600004], [90.43833225500003, 23.724841217000062], [90.43461357600006, 23.726142782000068]]]}}, {"type": "Feature", "properties": {"id": 168, "thana_id": 36, "name_en": "Savar, Amin Bazar", "name_bn": null, "name_bn_verified": false, "division": "Dhaka", "district": "Dhaka", "upazila": "Savar", "population": null, "source": "geoBoundaries gbOpen BGD ADM4", "source_id": "29066614B44510963385602"}, "geometry": {"type": "Polygon", "coordinates": [[[90.33567674600005, 23.78544516000005], [90.33572135800006, 23.787795096000025], [90.33166197300005, 23.791032999000038], [90.32809653900006, 23.789406864000057], [90.32493553600005, 23.791258441000025], [90.32201967400005, 23.79104889900003], [90.31928456200006, 23.788731532000043], [90.31885789300009, 23.786095483000054], [90.31652579500008, 23.78673933400006], [90.31539897500005, 23.78959365700007], [90.31359829300004, 23.787001042000043], [90.31174225000007, 23.78765965900004], [90.31012294100003, 23.784934534000058], [90.31088971600008, 23.780522860000076], [90.31601435500005, 23.776161036000076], [90.31470283000004, 23.775645473000054], [90.31774306300008, 23.77290690500007], [90.32086623800006, 23.766272824000055], [90.32409990400004, 23.765249913000048], [90.32274565600005, 23.760808173000044], [90.32549167800005, 23.756379851000077], [90.33015926800005, 23.754460126000026], [90.33068476400007, 23.752617649000058], [90.33680647900007, 23.759240936000026], [90.34050541800008, 23.766015696000068], [90.34415995600006, 23.768590334000066], [90.34231044500007, 23.772055030000047], [90.33461289400003, 23.774733105000053], [90.33803509200004, 23.77897601600006], [90.33549908200007, 23.782543746000044], [90.33567674600005, 23.78544516000005]]]}}, {"type": "Feature", "properties": {"id": 169, "thana_id": 36, "name_en": "Savar, Ashulia", "name_bn": null, "name_bn_verified": false, "division": "Dhaka", "district": "Dhaka", "upazila": "Savar", "population": null, "source": "geoBoundaries gbOpen BGD ADM4", "source_id": "29066614B60495945012451"}, "geometry": {"type": "Polygon", "coordinates": [[[90.34476987100004, 23.904242732000057], [90.33854252600008, 23.90642038200008], [90.33337145300004, 23.902975103000074], [90.33077118400007, 23.907849730000066], [90.32336814300004, 23.907322402000034], [90.31932417500008, 23.90537703700005], [90.31190815800005, 23.90729921800005], [90.30814778500007, 23.90938876200005], [90.30273787500005, 23.915944032000027], [90.29718375100003, 23.931101589000036], [90.29489384400006, 23.931229630000075], [90.29507361000003, 23.927365691000034], [90.29370168500003, 23.926037174000044], [90.28963241700006, 23.92575755300004], [90.28881225800006, 23.927835978000076], [90.28552074700008, 23.927133086000026], [90.28406601600005, 23.92103271800005], [90.27515346100006, 23.915835549000064], [90.27494751200004, 23.913985970000056], [90.27709950100007, 23.912955237000062], [90.27724413200008, 23.90734980900004], [90.28112017500007, 23.905160885000043], [90.27927188000007, 23.902567435000037], [90.28215453400009, 23.901065053000025], [90.28267460500007, 23.894567540000025], [90.28475424200008, 23.893195294000066], [90.28343734600008, 23.890982525000027], [90.28715992200006, 23.88740273800005], [90.29018234700004, 23.88792490000003], [90.29207224400005, 23.87841583100004], [90.29610408700006, 23.87098911700008], [90.30229529100006, 23.87110918600007], [90.29946836600004, 23.87670070100006], [90.29991464900007, 23.878555430000063], [90.30472984200009, 23.877108690000057], [90.32129686700006, 23.87969270700006], [90.32437321700007, 23.877485170000057], [90.32929697300006, 23.87733922900003], [90.33018763800004, 23.874391627000023], [90.33417080100008, 23.872336063000034], [90.33646721800005, 23.87253259700003], [90.34015862500007, 23.876817135000067], [90.34327262000005, 23.876927643000045], [90.34445227000003, 23.876362742000026], [90.34313391800004, 23.872983617000045], [90.34570922100005, 23.870928064000054], [90.35030777100008, 23.874818537000067], [90.35003296500008, 23.877410330000032], [90.35231737400005, 23.877964414000076], [90.35188468000007, 23.88191425800005], [90.34994192300007, 23.882822066000074], [90.34855820200005, 23.89591030100007], [90.34466629600007, 23.901768660000073], [90.34476987100004, 23.904242732000057]]]}}, {"type": "Feature", "properties": {"id": 170, "thana_id": 36, "name_en": "Savar, Banagram", "name_bn": null, "name_bn_verified": false, "division": "Dhaka", "district": "Dhaka", "upazila": "Savar", "population": null, "source": "geoBoundaries gbOpen BGD ADM4", "source_id": "29066614B9657691583895"}, "geometry": {"type": "Polygon", "coordinates": [[[90.31962590600006, 23.818419516000063], [90.31752032200006, 23.819585105000044], [90.32007063300006, 23.824111877000064], [90.31612509200005, 23.824721241000077], [90.31234394600006, 23.83018964200005], [90.30846469700003, 23.831936770000027], [90.30442535000003, 23.82876480300007], [90.30172794600009, 23.829961828000023], [90.29820969800005, 23.828882518000057], [90.29672341900005, 23.826474277000045], [90.29714822800008, 23.82357629100005], [90.29468999100004, 23.82414271600004], [90.29424326000003, 23.826051681000024], [90.29177375100005, 23.82517175600003], [90.28886196600007, 23.829064594000045], [90.29047935600005, 23.83197735500005], [90.28940626800005, 23.843156495000073], [90.28276527400004, 23.839912053000035], [90.27771581500008, 23.83515490900004], [90.27567266200003, 23.835096478000025], [90.27341491100003, 23.831033056000024], [90.27146152400007, 23.834857251000074], [90.27285173900003, 23.836112571000058], [90.26912395500005, 23.835766294000052], [90.27266897500004, 23.825014219000025], [90.27134291700008, 23.821795907000023], [90.27791771400007, 23.819016301000033], [90.27429239200006, 23.813763614000038], [90.27464442100006, 23.812218991000066], [90.27039616500008, 23.812661752000054], [90.26710598900007, 23.815039085000024], [90.26799061400004, 23.811949559000027], [90.27216851700007, 23.809848395000074], [90.27001840700007, 23.80683361800004], [90.27215897100007, 23.79937802300003], [90.27769671000004, 23.80079303800005], [90.27886618100007, 23.80340527900006], [90.28455540200008, 23.80355183100005], [90.28671030700008, 23.801356893000047], [90.28504608300005, 23.797570834000055], [90.28742235800007, 23.793699376000063], [90.28961510600004, 23.794279003000042], [90.29353017800008, 23.792474135000077], [90.30468765400008, 23.793642547000047], [90.30478667300008, 23.79795537800004], [90.30888633200004, 23.80316519300004], [90.30901423500006, 23.80691624900004], [90.31459230700005, 23.80669609800003], [90.31765818400004, 23.810422493000033], [90.31546966500008, 23.817341919000057], [90.32274529100005, 23.816316356000073], [90.31962590600006, 23.818419516000063]]]}}, {"type": "Feature", "properties": {"id": 171, "thana_id": 36, "name_en": "Savar, Bhakurta", "name_bn": null, "name_bn_verified": false, "division": "Dhaka", "district": "Dhaka", "upazila": "Savar", "population": null, "source": "geoBoundaries gbOpen BGD ADM4", "source_id": "29066614B63317325282034"}, "geometry": {"type": "Polygon", "coordinates": [[[90.31088971600008, 23.780522860000076], [90.29555054400004, 23.777861287000064], [90.29035343900006, 23.778384307000067], [90.28419920600004, 23.774900725000066], [90.28143643200008, 23.776080579000052], [90.27916232700005, 23.77516056500008], [90.27103882700004, 23.782009292000055], [90.27332537200004, 23.787382448000074], [90.27499431500007, 23.787802321000072], [90.27428120500008, 23.79002672200005], [90.27151663300003, 23.790537998000048], [90.26595450300005, 23.782014745000026], [90.26089370900007, 23.780591721000064], [90.26097758400005, 23.773437227000045], [90.25298315200007, 23.776731607000045], [90.25047522500006, 23.775658562000046], [90.24835522600006, 23.77986269400003], [90.24526263800004, 23.777140933000055], [90.25590543600003, 23.764130874000045], [90.25707647300004, 23.75887648300005], [90.25622544100008, 23.752447258000075], [90.25876086300008, 23.74870297700005], [90.26664910700003, 23.74446739700005], [90.27405312600007, 23.745873694000068], [90.27685159300006, 23.746180331000062], [90.28206751000005, 23.751541900000063], [90.28630604300008, 23.749822433000077], [90.29080904300008, 23.77002439100005], [90.30114111400007, 23.77347196100004], [90.31082729000008, 23.773614790000067], [90.31344716800004, 23.770277618000023], [90.31124474700005, 23.759056873000077], [90.31877795300005, 23.74674086500005], [90.32611107900004, 23.742807128000038], [90.33085965800007, 23.744272169000055], [90.33359487700005, 23.742826726000033], [90.33762955300006, 23.746144771000047], [90.33937150700007, 23.744726556000046], [90.34208051500008, 23.748348544000066], [90.33786858600007, 23.750300095000057], [90.33176251300006, 23.749399597000036], [90.32979620300006, 23.750348271000064], [90.33068476400007, 23.752617649000058], [90.33015926800005, 23.754460126000026], [90.32549167800005, 23.756379851000077], [90.32274565600005, 23.760808173000044], [90.32409990400004, 23.765249913000048], [90.32086623800006, 23.766272824000055], [90.31774306300008, 23.77290690500007], [90.31470283000004, 23.775645473000054], [90.31601435500005, 23.776161036000076], [90.31088971600008, 23.780522860000076]]]}}, {"type": "Feature", "properties": {"id": 172, "thana_id": 36, "name_en": "Savar, Biralia", "name_bn": null, "name_bn_verified": false, "division": "Dhaka", "district": "Dhaka", "upazila": "Savar", "population": null, "source": "geoBoundaries gbOpen BGD ADM4", "source_id": "29066614B99660247366445"}, "geometry": {"type": "Polygon", "coordinates": [[[90.29610408700006, 23.87098911700008], [90.29466568800007, 23.867151398000033], [90.28979388400006, 23.871458956000026], [90.28620295200005, 23.87129292700007], [90.29161740200004, 23.858982840000067], [90.29044046700005, 23.84951058300004], [90.29240949900009, 23.84624726900006], [90.28940626800005, 23.843156495000073], [90.29047935600005, 23.83197735500005], [90.28886196600007, 23.829064594000045], [90.29177375100005, 23.82517175600003], [90.29424326000003, 23.826051681000024], [90.29468999100004, 23.82414271600004], [90.29714822800008, 23.82357629100005], [90.29672341900005, 23.826474277000045], [90.29820969800005, 23.828882518000057], [90.30172794600009, 23.829961828000023], [90.30442535000003, 23.82876480300007], [90.30846469700003, 23.831936770000027], [90.31234394600006, 23.83018964200005], [90.31612509200005, 23.824721241000077], [90.32007063300006, 23.824111877000064], [90.31752032200006, 23.819585105000044], [90.31962590600006, 23.818419516000063], [90.32528859400009, 23.823647642000026], [90.32534912200003, 23.828726019000044], [90.33013376000008, 23.829624738000064], [90.33729148700007, 23.834151853000037], [90.33767998000008, 23.838656361000062], [90.34101202600004, 23.84339039200006], [90.33712449700005, 23.847918235000066], [90.34298320700003, 23.853879197000026], [90.34823266500007, 23.853034628000046], [90.35060630300006, 23.86025786700003], [90.35368819200005, 23.861416727000062], [90.35314283200006, 23.869312723000064], [90.35631804500008, 23.872651575000077], [90.35231737400005, 23.877964414000076], [90.35003296500008, 23.877410330000032], [90.35030777100008, 23.874818537000067], [90.34570922100005, 23.870928064000054], [90.34313391800004, 23.872983617000045], [90.34445227000003, 23.876362742000026], [90.34327262000005, 23.876927643000045], [90.34015862500007, 23.876817135000067], [90.33646721800005, 23.87253259700003], [90.33417080100008, 23.872336063000034], [90.33018763800004, 23.874391627000023], [90.32929697300006, 23.87733922900003], [90.32437321700007, 23.877485170000057], [90.32129686700006, 23.87969270700006], [90.30472984200009, 23.877108690000057], [90.29991464900007, 23.878555430000063], [90.29946836600004, 23.87670070100006], [90.30229529100006, 23.87110918600007], [90.29610408700006, 23.87098911700008]]]}}, {"type": "Feature", "properties": {"id": 173, "thana_id": 36, "name_en": "Savar, Dhamsana", "name_bn": null, "name_bn_verified": false, "division": "Dhaka", "district": "Dhaka", "upazila": "Savar", "population": null, "source": "geoBoundaries gbOpen BGD ADM4", "source_id": "29066614B57003809539274"}, "geometry": {"type": "Polygon", "coordinates": [[[90.28552074700008, 23.927133086000026], [90.28419383400006, 23.934540395000056], [90.28493753800007, 23.94038690600007], [90.29462773300008, 23.947924751000073], [90.30017395600004, 23.948835874000054], [90.30028793400004, 23.954291183000066], [90.29781203400006, 23.961874128000034], [90.28201890900004, 23.964994139000055], [90.28132068100007, 23.96737544000007], [90.27510675600007, 23.96536515300005], [90.27124397100005, 23.96246248700004], [90.26865240400008, 23.965225858000053], [90.26973284700006, 23.968402215000026], [90.26601290000008, 23.970129366000037], [90.26279254600007, 23.969543861000034], [90.26007920100005, 23.97117543300004], [90.26037166800006, 23.972722287000067], [90.25827559900006, 23.967231911000056], [90.25639345300004, 23.968247817000076], [90.25490401300004, 23.965912615000036], [90.25165612200004, 23.967834524000068], [90.24599620300006, 23.96715724300003], [90.23881181300004, 23.961603531000037], [90.23715054600007, 23.96217345100007], [90.23638037800004, 23.96597500100006], [90.23328017900008, 23.966143454000076], [90.23344803300006, 23.969974609000076], [90.22856010800007, 23.970036724000067], [90.22443152600005, 23.967625533000046], [90.22451036500007, 23.96472829000004], [90.22012373600006, 23.963961247000043], [90.21983450800008, 23.95895716900003], [90.21501006500006, 23.96038208300007], [90.210228, 23.96016402400005], [90.20870766400003, 23.958480998000027], [90.23054797900005, 23.943693120000034], [90.23173612000005, 23.936087196000074], [90.22798047300006, 23.934565211000063], [90.22820892600004, 23.931408050000073], [90.23795765300008, 23.93298804400007], [90.24151856600008, 23.928342663000024], [90.24344218800007, 23.92807543200007], [90.24507133100008, 23.92211767200007], [90.24699899800004, 23.920477463000054], [90.25143293000008, 23.921459887000026], [90.25819725700006, 23.917061189000037], [90.26260938400009, 23.916995004000057], [90.26461405500004, 23.919237810000027], [90.26999713600009, 23.916211068000052], [90.27135990300008, 23.913613548000058], [90.27515346100006, 23.915835549000064], [90.28406601600005, 23.92103271800005], [90.28552074700008, 23.927133086000026]]]}}, {"type": "Feature", "properties": {"id": 174, "thana_id": 36, "name_en": "Savar, Kaundia", "name_bn": null, "name_bn_verified": false, "division": "Dhaka", "district": "Dhaka", "upazila": "Savar", "population": null, "source": "geoBoundaries gbOpen BGD ADM4", "source_id": "29066614B46435531841972"}, "geometry": {"type": "Polygon", "coordinates": [[[90.33567674600005, 23.78544516000005], [90.33800222500008, 23.786432427000022], [90.33958603900004, 23.790141874000028], [90.33954014700004, 23.797507977000066], [90.34312512000008, 23.798662714000045], [90.34313840100003, 23.798669792000055], [90.34331891800008, 23.803833084000075], [90.33962919500004, 23.811227560000077], [90.34148879500003, 23.817485780000027], [90.34101882200008, 23.82173659500006], [90.34300200900003, 23.82466730400006], [90.33714360100004, 23.83196187300007], [90.33729148700007, 23.834151853000037], [90.33013376000008, 23.829624738000064], [90.32534912200003, 23.828726019000044], [90.32528859400009, 23.823647642000026], [90.31962590600006, 23.818419516000063], [90.32274529100005, 23.816316356000073], [90.31546966500008, 23.817341919000057], [90.31765818400004, 23.810422493000033], [90.31459230700005, 23.80669609800003], [90.30901423500006, 23.80691624900004], [90.30888633200004, 23.80316519300004], [90.30478667300008, 23.79795537800004], [90.30468765400008, 23.793642547000047], [90.31213678400007, 23.78922826200005], [90.31174225000007, 23.78765965900004], [90.31359829300004, 23.787001042000043], [90.31539897500005, 23.78959365700007], [90.31652579500008, 23.78673933400006], [90.31885789300009, 23.786095483000054], [90.31928456200006, 23.788731532000043], [90.32201967400005, 23.79104889900003], [90.32493553600005, 23.791258441000025], [90.32809653900006, 23.789406864000057], [90.33166197300005, 23.791032999000038], [90.33572135800006, 23.787795096000025], [90.33567674600005, 23.78544516000005]]]}}, {"type": "Feature", "properties": {"id": 175, "thana_id": 36, "name_en": "Savar, Pathalia (part)", "name_bn": null, "name_bn_verified": false, "division": "Dhaka", "district": "Dhaka", "upazila": "Savar", "population": null, "source": "geoBoundaries gbOpen BGD ADM4", "source_id": "29066614B95497117768199"}, "geometry": {"type": "Polygon", "coordinates": [[[90.27515346100006, 23.915835549000064], [90.27135990300008, 23.913613548000058], [90.26999713600009, 23.916211068000052], [90.26461405500004, 23.919237810000027], [90.26260938400009, 23.916995004000057], [90.25819725700006, 23.917061189000037], [90.25143293000008, 23.921459887000026], [90.24699899800004, 23.920477463000054], [90.24507133100008, 23.92211767200007], [90.24344218800007, 23.92807543200007], [90.24151856600008, 23.928342663000024], [90.23795765300008, 23.93298804400007], [90.22820892600004, 23.931408050000073], [90.22507972900007, 23.928551089000052], [90.22516247400006, 23.921370772000046], [90.22481733400008, 23.918173240000044], [90.22686082000007, 23.915751244000035], [90.22848165900007, 23.908913562000066], [90.22686837700007, 23.90196267600004], [90.23015142300005, 23.895641306000073], [90.22907533500006, 23.884447764000072], [90.23430025700009, 23.88171097000003], [90.23202087000004, 23.87110354300006], [90.23689171700005, 23.86538760700006], [90.24528436700007, 23.867717264000078], [90.24866109900006, 23.864440966000075], [90.24885535400006, 23.866835949000063], [90.25167625600005, 23.86886084500003], [90.25270541300006, 23.87598237800006], [90.25858702300008, 23.874664035000023], [90.26018323000005, 23.87224855200003], [90.26300895000008, 23.872563274000072], [90.26127042800005, 23.876538253000035], [90.26715452700006, 23.88184713000004], [90.27391162100008, 23.881949287000054], [90.28008663600008, 23.874880456000028], [90.28259907900008, 23.875908950000053], [90.28408135900008, 23.885903425000038], [90.28715992200006, 23.88740273800005], [90.28343734600008, 23.890982525000027], [90.28475424200008, 23.893195294000066], [90.28267460500007, 23.894567540000025], [90.28215453400009, 23.901065053000025], [90.27927188000007, 23.902567435000037], [90.28112017500007, 23.905160885000043], [90.27724413200008, 23.90734980900004], [90.27709950100007, 23.912955237000062], [90.27494751200004, 23.913985970000056], [90.27515346100006, 23.915835549000064]]]}}, {"type": "Feature", "properties": {"id": 176, "thana_id": 36, "name_en": "Savar, Savar", "name_bn": null, "name_bn_verified": false, "division": "Dhaka", "district": "Dhaka", "upazila": "Savar", "population": null, "source": "geoBoundaries gbOpen BGD ADM4", "source_id": "29066614B84396112965033"}, "geometry": {"type": "Polygon", "coordinates": [[[90.28715992200006, 23.88740273800005], [90.28408135900008, 23.885903425000038], [90.28259907900008, 23.875908950000053], [90.28008663600008, 23.874880456000028], [90.27391162100008, 23.881949287000054], [90.26715452700006, 23.88184713000004], [90.26127042800005, 23.876538253000035], [90.26300895000008, 23.872563274000072], [90.26339314500007, 23.86978457500004], [90.26818107300005, 23.867572391000067], [90.26806192800007, 23.865159240000025], [90.27182467500006, 23.86420875300007], [90.27204710600006, 23.861374992000037], [90.28411080400008, 23.856915454000045], [90.28663397800005, 23.853479010000058], [90.28662520900008, 23.849491760000035], [90.28079286800005, 23.84310186600004], [90.28276527400004, 23.839912053000035], [90.28940626800005, 23.843156495000073], [90.29240949900009, 23.84624726900006], [90.29044046700005, 23.84951058300004], [90.29161740200004, 23.858982840000067], [90.28620295200005, 23.87129292700007], [90.28979388400006, 23.871458956000026], [90.29466568800007, 23.867151398000033], [90.29610408700006, 23.87098911700008], [90.29207224400005, 23.87841583100004], [90.29018234700004, 23.88792490000003], [90.28715992200006, 23.88740273800005]]]}}, {"type": "Feature", "properties": {"id": 177, "thana_id": 36, "name_en": "Savar, Savar Paurashava", "name_bn": null, "name_bn_verified": false, "division": "Dhaka", "district": "Dhaka", "upazila": "Savar", "population": null, "source": "geoBoundaries gbOpen BGD ADM4", "source_id": "29066614B37799767241466"}, "geometry": {"type": "Polygon", "coordinates": [[[90.28276527400004, 23.839912053000035], [90.28079286800005, 23.84310186600004], [90.28662520900008, 23.849491760000035], [90.28663397800005, 23.853479010000058], [90.28411080400008, 23.856915454000045], [90.27204710600006, 23.861374992000037], [90.27182467500006, 23.86420875300007], [90.26806192800007, 23.865159240000025], [90.26818107300005, 23.867572391000067], [90.26339314500007, 23.86978457500004], [90.26300895000008, 23.872563274000072], [90.26018323000005, 23.87224855200003], [90.25858702300008, 23.874664035000023], [90.25270541300006, 23.87598237800006], [90.25167625600005, 23.86886084500003], [90.24885535400006, 23.866835949000063], [90.24866109900006, 23.864440966000075], [90.24528436700007, 23.867717264000078], [90.23689171700005, 23.86538760700006], [90.23612761700008, 23.860049462000063], [90.23808728300008, 23.84679579300007], [90.23865904100006, 23.84530793600004], [90.24380636700005, 23.843864841000027], [90.24576190300007, 23.838399899000024], [90.246818, 23.821793643000035], [90.25208601000008, 23.82236207300008], [90.25402932300005, 23.81883846200003], [90.25303380000008, 23.817145372000027], [90.25513220200008, 23.81328164400003], [90.25660956300004, 23.813493150000056], [90.25868768400005, 23.815270214000066], [90.25641725300005, 23.819611871000063], [90.25403390800005, 23.820248656000047], [90.25378988400007, 23.823508665000077], [90.25912386700008, 23.824493933000042], [90.27429239200006, 23.813763614000038], [90.27791771400007, 23.819016301000033], [90.27134291700008, 23.821795907000023], [90.27266897500004, 23.825014219000025], [90.26912395500005, 23.835766294000052], [90.27285173900003, 23.836112571000058], [90.27146152400007, 23.834857251000074], [90.27341491100003, 23.831033056000024], [90.27567266200003, 23.835096478000025], [90.27771581500008, 23.83515490900004], [90.28276527400004, 23.839912053000035]]]}}, {"type": "Feature", "properties": {"id": 178, "thana_id": 36, "name_en": "Savar, Shimulia", "name_bn": null, "name_bn_verified": false, "division": "Dhaka", "district": "Dhaka", "upazila": "Savar", "population": null, "source": "geoBoundaries gbOpen BGD ADM4", "source_id": "29066614B7119717637302"}, "geometry": {"type": "Polygon", "coordinates": [[[90.19229168800007, 24.01395199500007], [90.18438238000005, 24.010511369000028], [90.18608995900007, 24.00736492900006], [90.18287623200007, 24.007095004000064], [90.18092184600005, 24.004530448000025], [90.18472929500007, 24.00212500300006], [90.18329933900009, 24.001678490000074], [90.18601161200007, 23.999246656000025], [90.18629739300007, 23.989885422000043], [90.19067563000004, 23.984906607000028], [90.19021528500008, 23.977693154000065], [90.19935056900005, 23.97472007400006], [90.19819087400003, 23.968444087000023], [90.20317592100008, 23.965896088000022], [90.20870766400003, 23.958480998000027], [90.210228, 23.96016402400005], [90.21501006500006, 23.96038208300007], [90.21983450800008, 23.95895716900003], [90.22012373600006, 23.963961247000043], [90.22451036500007, 23.96472829000004], [90.22443152600005, 23.967625533000046], [90.22856010800007, 23.970036724000067], [90.23344803300006, 23.969974609000076], [90.23328017900008, 23.966143454000076], [90.23638037800004, 23.96597500100006], [90.23715054600007, 23.96217345100007], [90.23881181300004, 23.961603531000037], [90.24599620300006, 23.96715724300003], [90.25165612200004, 23.967834524000068], [90.25490401300004, 23.965912615000036], [90.25639345300004, 23.968247817000076], [90.25827559900006, 23.967231911000056], [90.26037166800006, 23.972722287000067], [90.26201803400005, 23.97540265200007], [90.26018990500006, 23.975518667000074], [90.25578024500004, 23.980956202000073], [90.25614097100004, 23.983790620000036], [90.25371065000007, 23.983621351000068], [90.25006899500005, 23.991866498000036], [90.25586066100004, 23.994913818000043], [90.25438668200007, 23.999037260000023], [90.25199812900007, 24.000267904000054], [90.25632720300007, 24.00833616500006], [90.26024820200007, 24.01002367800004], [90.26002618000007, 24.01482753700003], [90.25826132100008, 24.01674875200007], [90.25447940700008, 24.01681265800005], [90.25228405800004, 24.018641939000076], [90.25060479400008, 24.022954784000035], [90.25329277000003, 24.02721077600006], [90.24571969100003, 24.03346835900004], [90.24108595200005, 24.032850801000052], [90.23867230400003, 24.029553285000077], [90.24115883100006, 24.029745278000064], [90.24116977400007, 24.02441113900005], [90.23970042100007, 24.022841262000043], [90.24122765000004, 24.012276734000068], [90.23971387200004, 24.009210951000057], [90.22270512000006, 24.010241448000045], [90.21595903000008, 24.005076716000076], [90.20951259700007, 24.009885206000035], [90.20796268400005, 24.006601249000028], [90.20431157800004, 24.005277843000044], [90.20307495400004, 24.009637014000077], [90.19889971400005, 24.009574181000062], [90.19764313000007, 24.007653617000074], [90.19415895700007, 24.008387993000042], [90.19229168800007, 24.01395199500007]]]}}, {"type": "Feature", "properties": {"id": 179, "thana_id": 36, "name_en": "Savar, Tetuljhora", "name_bn": null, "name_bn_verified": false, "division": "Dhaka", "district": "Dhaka", "upazila": "Savar", "population": null, "source": "geoBoundaries gbOpen BGD ADM4", "source_id": "29066614B52404219720349"}, "geometry": {"type": "Polygon", "coordinates": [[[90.31174225000007, 23.78765965900004], [90.31213678400007, 23.78922826200005], [90.30468765400008, 23.793642547000047], [90.29353017800008, 23.792474135000077], [90.28961510600004, 23.794279003000042], [90.28742235800007, 23.793699376000063], [90.28504608300005, 23.797570834000055], [90.28671030700008, 23.801356893000047], [90.28455540200008, 23.80355183100005], [90.27886618100007, 23.80340527900006], [90.27769671000004, 23.80079303800005], [90.27215897100007, 23.79937802300003], [90.27001840700007, 23.80683361800004], [90.27216851700007, 23.809848395000074], [90.26799061400004, 23.811949559000027], [90.26710598900007, 23.815039085000024], [90.27039616500008, 23.812661752000054], [90.27464442100006, 23.812218991000066], [90.27429239200006, 23.813763614000038], [90.25912386700008, 23.824493933000042], [90.25378988400007, 23.823508665000077], [90.25403390800005, 23.820248656000047], [90.25641725300005, 23.819611871000063], [90.25868768400005, 23.815270214000066], [90.25660956300004, 23.813493150000056], [90.25513220200008, 23.81328164400003], [90.25303380000008, 23.817145372000027], [90.25402932300005, 23.81883846200003], [90.25208601000008, 23.82236207300008], [90.246818, 23.821793643000035], [90.24771620900003, 23.810711558000037], [90.24572058400008, 23.800157411000043], [90.24112256200004, 23.778138211000055], [90.24526263800004, 23.777140933000055], [90.24835522600006, 23.77986269400003], [90.25047522500006, 23.775658562000046], [90.25298315200007, 23.776731607000045], [90.26097758400005, 23.773437227000045], [90.26089370900007, 23.780591721000064], [90.26595450300005, 23.782014745000026], [90.27151663300003, 23.790537998000048], [90.27428120500008, 23.79002672200005], [90.27499431500007, 23.787802321000072], [90.27332537200004, 23.787382448000074], [90.27103882700004, 23.782009292000055], [90.27916232700005, 23.77516056500008], [90.28143643200008, 23.776080579000052], [90.28419920600004, 23.774900725000066], [90.29035343900006, 23.778384307000067], [90.29555054400004, 23.777861287000064], [90.31088971600008, 23.780522860000076], [90.31012294100003, 23.784934534000058], [90.31174225000007, 23.78765965900004]]]}}, {"type": "Feature", "properties": {"id": 180, "thana_id": 36, "name_en": "Savar, Yearpur", "name_bn": null, "name_bn_verified": false, "division": "Dhaka", "district": "Dhaka", "upazila": "Savar", "population": null, "source": "geoBoundaries gbOpen BGD ADM4", "source_id": "29066614B27086734975041"}, "geometry": {"type": "Polygon", "coordinates": [[[90.34476987100004, 23.904242732000057], [90.34777058300006, 23.91156742800007], [90.34804372300005, 23.92092206500007], [90.34821129300008, 23.930511769000077], [90.34618096600008, 23.93675487300004], [90.34551337000005, 23.947143544000028], [90.33980339000004, 23.956025448000048], [90.33561935500006, 23.954045848000078], [90.33935456200004, 23.952583437000044], [90.33915955600008, 23.94871521400006], [90.33546643800008, 23.94788445000006], [90.33071677700008, 23.950384848000056], [90.33042364100004, 23.954911234000065], [90.31736635200008, 23.957524843000044], [90.31916317300005, 23.950553245000037], [90.30017395600004, 23.948835874000054], [90.29462773300008, 23.947924751000073], [90.28493753800007, 23.94038690600007], [90.28419383400006, 23.934540395000056], [90.28552074700008, 23.927133086000026], [90.28881225800006, 23.927835978000076], [90.28963241700006, 23.92575755300004], [90.29370168500003, 23.926037174000044], [90.29507361000003, 23.927365691000034], [90.29489384400006, 23.931229630000075], [90.29718375100003, 23.931101589000036], [90.30273787500005, 23.915944032000027], [90.30814778500007, 23.90938876200005], [90.31190815800005, 23.90729921800005], [90.31932417500008, 23.90537703700005], [90.32336814300004, 23.907322402000034], [90.33077118400007, 23.907849730000066], [90.33337145300004, 23.902975103000074], [90.33854252600008, 23.90642038200008], [90.34476987100004, 23.904242732000057]]]}}, {"type": "Feature", "properties": {"id": 181, "thana_id": 37, "name_en": "Shah Ali, Ward No-08", "name_bn": "ওয়ার্ড ৮", "name_bn_verified": false, "division": "Dhaka", "district": "Dhaka", "upazila": "Shah Ali", "population": null, "source": "geoBoundaries gbOpen BGD ADM4", "source_id": "29066614B88449011386405"}, "geometry": {"type": "Polygon", "coordinates": [[[90.34300200900003, 23.82466730400006], [90.34101882200008, 23.82173659500006], [90.34148879500003, 23.817485780000027], [90.33962919500004, 23.811227560000077], [90.34331891800008, 23.803833084000075], [90.34313840100003, 23.798669792000055], [90.34652441800006, 23.798134290000064], [90.34764583800006, 23.795860960000027], [90.34913759600005, 23.796282020000035], [90.35526372400005, 23.79986486400003], [90.35156894300007, 23.80602592200006], [90.35450452400005, 23.80698578700003], [90.35295906100004, 23.811013821000074], [90.35670601000004, 23.81193881300004], [90.35611084800007, 23.814403466000044], [90.35297572100006, 23.81381337700003], [90.35267673800007, 23.816955913000072], [90.35125064400006, 23.817623054000023], [90.352707, 23.82066141000007], [90.35132045700004, 23.820990873000028], [90.35112370900003, 23.82788392300006], [90.34971486800004, 23.82522453400003], [90.34601781500004, 23.827625348000026], [90.34300200900003, 23.82466730400006]]]}}, {"type": "Feature", "properties": {"id": 182, "thana_id": 38, "name_en": "Shahbagh, Ward No-56 (part)", "name_bn": "ওয়ার্ড ৫৬", "name_bn_verified": false, "division": "Dhaka", "district": "Dhaka", "upazila": "Shahbagh", "population": null, "source": "geoBoundaries gbOpen BGD ADM4", "source_id": "29066614B6888328061897"}, "geometry": {"type": "Polygon", "coordinates": [[[90.41031646400006, 23.73624902000006], [90.40424430800005, 23.73657957300003], [90.40286733100004, 23.739226119000023], [90.39779613900004, 23.741906589000052], [90.39828864200007, 23.740784804000043], [90.39578115800003, 23.738142269000036], [90.39539142000007, 23.73097524800005], [90.39193084700008, 23.72967070800007], [90.39296487300004, 23.72821737000004], [90.38958630000008, 23.727498481000055], [90.38991274000006, 23.727191608000055], [90.39947620800007, 23.724040811000066], [90.40032557600006, 23.723925558000076], [90.40245182100006, 23.72356903900004], [90.40540186700008, 23.72322310900006], [90.41188486400006, 23.722937083000033], [90.41190834600008, 23.722991042000046], [90.41031646400006, 23.73624902000006]]]}}, {"type": "Feature", "properties": {"id": 183, "thana_id": 38, "name_en": "Shahbagh, Ward No-57", "name_bn": "ওয়ার্ড ৫৭", "name_bn_verified": false, "division": "Dhaka", "district": "Dhaka", "upazila": "Shahbagh", "population": null, "source": "geoBoundaries gbOpen BGD ADM4", "source_id": "29066614B35611802512070"}, "geometry": {"type": "Polygon", "coordinates": [[[90.39321992300006, 23.74998151500006], [90.39182644100003, 23.741673021000054], [90.38709034200008, 23.732637642000043], [90.38958630000008, 23.727498481000055], [90.39296487300004, 23.72821737000004], [90.39193084700008, 23.72967070800007], [90.39539142000007, 23.73097524800005], [90.39578115800003, 23.738142269000036], [90.39828864200007, 23.740784804000043], [90.39779613900004, 23.741906589000052], [90.39599463500008, 23.741479903000027], [90.39516239900007, 23.744420757000057], [90.39638420500006, 23.746375272000023], [90.39467742000005, 23.74590583500003], [90.39412411500007, 23.747612540000034], [90.39321992300006, 23.74998151500006]]]}}, {"type": "Feature", "properties": {"id": 184, "thana_id": 39, "name_en": "Sher-e-bangla Nagar, Ward No-40 (Part)", "name_bn": "ওয়ার্ড ৪০", "name_bn_verified": false, "division": "Dhaka", "district": "Dhaka", "upazila": "Sher-e-bangla Nagar", "population": null, "source": "geoBoundaries gbOpen BGD ADM4", "source_id": "29066614B32507085404472"}, "geometry": {"type": "Polygon", "coordinates": [[[90.38065460000007, 23.776813600000025], [90.36711947800006, 23.773318368000048], [90.37460911400007, 23.758032182000022], [90.38181687000008, 23.758587539000075], [90.38248945600003, 23.753043865000052], [90.38711612800006, 23.75069800500006], [90.38736793100009, 23.751005426000063], [90.38997554100007, 23.758497255000066], [90.38395384000006, 23.75811168200005], [90.38329578800005, 23.765456461000042], [90.38065460000007, 23.776813600000025]]]}}, {"type": "Feature", "properties": {"id": 185, "thana_id": 39, "name_en": "Sher-e-bangla Nagar, Ward No-41", "name_bn": "ওয়ার্ড ৪১", "name_bn_verified": false, "division": "Dhaka", "district": "Dhaka", "upazila": "Sher-e-bangla Nagar", "population": null, "source": "geoBoundaries gbOpen BGD ADM4", "source_id": "29066614B58460626240545"}, "geometry": {"type": "Polygon", "coordinates": [[[90.36203281400003, 23.777422371000057], [90.36556917300004, 23.774932979000027], [90.36711947800006, 23.773318368000048], [90.38065460000007, 23.776813600000025], [90.37840598600008, 23.783977184000037], [90.37295679300007, 23.782770860000028], [90.37207098800008, 23.78479085500004], [90.36967511500006, 23.783372727000028], [90.36667093500006, 23.782671916000027], [90.36203281400003, 23.777422371000057]]]}}, {"type": "Feature", "properties": {"id": 186, "thana_id": 40, "name_en": "Shyampur, Ward No-83", "name_bn": "ওয়ার্ড ৮৩", "name_bn_verified": false, "division": "Dhaka", "district": "Dhaka", "upazila": "Shyampur", "population": null, "source": "geoBoundaries gbOpen BGD ADM4", "source_id": "29066614B72242460288446"}, "geometry": {"type": "Polygon", "coordinates": [[[90.43228456300005, 23.689065966000044], [90.43022443900009, 23.69112566900003], [90.42776225900008, 23.690090390000023], [90.42758637800006, 23.693281504000026], [90.42451617000006, 23.695368810000048], [90.42758456900003, 23.69759695600004], [90.43136635600007, 23.697909827000046], [90.43041292300006, 23.699577059000035], [90.42917416500006, 23.70171778100007], [90.42652481200008, 23.701416213000073], [90.42627741300004, 23.699179860000072], [90.42572932200005, 23.700478626000063], [90.42478098500004, 23.699301906000073], [90.42351055400007, 23.70000561200004], [90.42379293000005, 23.69821373700006], [90.42029088500004, 23.695989078000025], [90.42722220200005, 23.688665383000057], [90.43228456300005, 23.689065966000044]]]}}, {"type": "Feature", "properties": {"id": 187, "thana_id": 40, "name_en": "Shyampur, Ward No-87", "name_bn": "ওয়ার্ড ৮৭", "name_bn_verified": false, "division": "Dhaka", "district": "Dhaka", "upazila": "Shyampur", "population": null, "source": "geoBoundaries gbOpen BGD ADM4", "source_id": "29066614B3377634592771"}, "geometry": {"type": "Polygon", "coordinates": [[[90.43827257200007, 23.702979937000066], [90.43346997000003, 23.703551067000035], [90.42595596200005, 23.709899375000077], [90.42412663400006, 23.71018506100006], [90.42863699600008, 23.702740068000026], [90.42917416500006, 23.70171778100007], [90.43041292300006, 23.699577059000035], [90.43194942000008, 23.70032993600006], [90.43574159100007, 23.698306944000024], [90.43553700800004, 23.70023770800003], [90.43871102400004, 23.701090651000072], [90.43827257200007, 23.702979937000066]]]}}, {"type": "Feature", "properties": {"id": 188, "thana_id": 40, "name_en": "Shyampur, Ward No-90", "name_bn": "ওয়ার্ড ৯০", "name_bn_verified": false, "division": "Dhaka", "district": "Dhaka", "upazila": "Shyampur", "population": null, "source": "geoBoundaries gbOpen BGD ADM4", "source_id": "29066614B79719478277682"}, "geometry": {"type": "Polygon", "coordinates": [[[90.43668089700003, 23.691187469000056], [90.43450584400006, 23.693624020000073], [90.43566337100003, 23.69563020100003], [90.43574159100007, 23.698306944000024], [90.43194942000008, 23.70032993600006], [90.43041292300006, 23.699577059000035], [90.43136635600007, 23.697909827000046], [90.42758456900003, 23.69759695600004], [90.42451617000006, 23.695368810000048], [90.42758637800006, 23.693281504000026], [90.42776225900008, 23.690090390000023], [90.43022443900009, 23.69112566900003], [90.43228456300005, 23.689065966000044], [90.43506049100006, 23.689035087000036], [90.43734688000006, 23.687127063000048], [90.43826786100004, 23.68829458400006], [90.43668089700003, 23.691187469000056]]]}}, {"type": "Feature", "properties": {"id": 189, "thana_id": 41, "name_en": "Sutrapur, Ward No-74", "name_bn": "ওয়ার্ড ৭৪", "name_bn_verified": false, "division": "Dhaka", "district": "Dhaka", "upazila": "Sutrapur", "population": null, "source": "geoBoundaries gbOpen BGD ADM4", "source_id": "29066614B87817122319865"}, "geometry": {"type": "Polygon", "coordinates": [[[90.41390374600007, 23.722618658000044], [90.41190834600008, 23.722991042000046], [90.41188486400006, 23.722937083000033], [90.41150855300003, 23.71847077900003], [90.41152562400003, 23.71369254800004], [90.41391106400005, 23.713125716000036], [90.41727585400008, 23.721380390000036], [90.41594469800003, 23.72222233100007], [90.41390374600007, 23.722618658000044]]]}}, {"type": "Feature", "properties": {"id": 190, "thana_id": 41, "name_en": "Sutrapur, Ward No-75", "name_bn": "ওয়ার্ড ৭৫", "name_bn_verified": false, "division": "Dhaka", "district": "Dhaka", "upazila": "Sutrapur", "population": null, "source": "geoBoundaries gbOpen BGD ADM4", "source_id": "29066614B5407771931523"}, "geometry": {"type": "Polygon", "coordinates": [[[90.42878207200005, 23.722336507000023], [90.42234939800005, 23.721536867000054], [90.41594469800003, 23.72222233100007], [90.41727585400008, 23.721380390000036], [90.41986408300005, 23.717024664000064], [90.42238120000007, 23.716048605000026], [90.42429840000005, 23.717860870000038], [90.42603262600005, 23.716382382000063], [90.42773345600006, 23.716749492000076], [90.42837034700005, 23.720332246000055], [90.42878207200005, 23.722336507000023]]]}}, {"type": "Feature", "properties": {"id": 191, "thana_id": 41, "name_en": "Sutrapur, Ward No-77", "name_bn": "ওয়ার্ড ৭৭", "name_bn_verified": false, "division": "Dhaka", "district": "Dhaka", "upazila": "Sutrapur", "population": null, "source": "geoBoundaries gbOpen BGD ADM4", "source_id": "29066614B43281613674271"}, "geometry": {"type": "Polygon", "coordinates": [[[90.41391106400005, 23.713125716000036], [90.41800205500004, 23.710438315000033], [90.41804655900006, 23.71049468700005], [90.41986408300005, 23.717024664000064], [90.41727585400008, 23.721380390000036], [90.41391106400005, 23.713125716000036]]]}}, {"type": "Feature", "properties": {"id": 192, "thana_id": 41, "name_en": "Sutrapur, Ward No-78", "name_bn": "ওয়ার্ড ৭৮", "name_bn_verified": false, "division": "Dhaka", "district": "Dhaka", "upazila": "Sutrapur", "population": null, "source": "geoBoundaries gbOpen BGD ADM4", "source_id": "29066614B18069118133354"}, "geometry": {"type": "Polygon", "coordinates": [[[90.41152922200007, 23.713517876000026], [90.41153801400009, 23.71316202400004], [90.41192608700004, 23.709950676000062], [90.41257120400007, 23.708668647000025], [90.41791574300004, 23.707269248000046], [90.41800205500004, 23.710438315000033], [90.41391106400005, 23.713125716000036], [90.41152562400003, 23.71369254800004], [90.41152922200007, 23.713517876000026]]]}}, {"type": "Feature", "properties": {"id": 193, "thana_id": 41, "name_en": "Sutrapur, Ward No-79", "name_bn": "ওয়ার্ড ৭৯", "name_bn_verified": false, "division": "Dhaka", "district": "Dhaka", "upazila": "Sutrapur", "population": null, "source": "geoBoundaries gbOpen BGD ADM4", "source_id": "29066614B35179516385278"}, "geometry": {"type": "Polygon", "coordinates": [[[90.41708008700004, 23.699702996000042], [90.41937710600007, 23.70226365600007], [90.41765752500004, 23.702370518000066], [90.41815365700006, 23.70478405700004], [90.41791574300004, 23.707269248000046], [90.41257120400007, 23.708668647000025], [90.41186598300004, 23.703543543000023], [90.41708008700004, 23.699702996000042]]]}}, {"type": "Feature", "properties": {"id": 194, "thana_id": 41, "name_en": "Sutrapur, Ward No-80 (Part)", "name_bn": "ওয়ার্ড ৮০", "name_bn_verified": false, "division": "Dhaka", "district": "Dhaka", "upazila": "Sutrapur", "population": null, "source": "geoBoundaries gbOpen BGD ADM4", "source_id": "29066614B28411589211134"}, "geometry": {"type": "Polygon", "coordinates": [[[90.41804655900006, 23.71049468700005], [90.41800205500004, 23.710438315000033], [90.41791574300004, 23.707269248000046], [90.41815365700006, 23.70478405700004], [90.42061717900003, 23.708621686000072], [90.41895931700003, 23.71044969600007], [90.41804655900006, 23.71049468700005]]]}}, {"type": "Feature", "properties": {"id": 195, "thana_id": 43, "name_en": "Tejgaon Ind. Area, Ward No-20 (Part)", "name_bn": "ওয়ার্ড ২০", "name_bn_verified": false, "division": "Dhaka", "district": "Dhaka", "upazila": "Tejgaon Ind. Area", "population": null, "source": "geoBoundaries gbOpen BGD ADM4", "source_id": "29066614B64758506029723"}, "geometry": {"type": "Polygon", "coordinates": [[[90.39786025200004, 23.77810454100006], [90.39713414600004, 23.773882109000056], [90.40003547100008, 23.77334372400003], [90.39786025200004, 23.77810454100006]]]}}, {"type": "Feature", "properties": {"id": 196, "thana_id": 43, "name_en": "Tejgaon Ind. Area, Ward No-37", "name_bn": "ওয়ার্ড ৩৭", "name_bn_verified": false, "division": "Dhaka", "district": "Dhaka", "upazila": "Tejgaon Ind. Area", "population": null, "source": "geoBoundaries gbOpen BGD ADM4", "source_id": "29066614B85442422441293"}, "geometry": {"type": "Polygon", "coordinates": [[[90.41395299500005, 23.772226388000036], [90.40007113000007, 23.773331894000023], [90.40118974800004, 23.77101783200004], [90.40045216500005, 23.766106870000044], [90.39605652200004, 23.767223218000026], [90.39578860500006, 23.76555830800004], [90.39414875200004, 23.75383895300007], [90.39869249100008, 23.75164991500003], [90.40599000200007, 23.75842884700006], [90.40901550300003, 23.761133404000077], [90.41536906800008, 23.76765258100005], [90.41520743100006, 23.770258882000064], [90.41395299500005, 23.772226388000036]]]}}, {"type": "Feature", "properties": {"id": 197, "thana_id": 43, "name_en": "Tejgaon Ind. Area, Ward No-38 (Part)", "name_bn": "ওয়ার্ড ৩৮", "name_bn_verified": false, "division": "Dhaka", "district": "Dhaka", "upazila": "Tejgaon Ind. Area", "population": null, "source": "geoBoundaries gbOpen BGD ADM4", "source_id": "29066614B45271018502279"}, "geometry": {"type": "Polygon", "coordinates": [[[90.40003547100008, 23.77334372400003], [90.39713414600004, 23.773882109000056], [90.39605652200004, 23.767223218000026], [90.40045216500005, 23.766106870000044], [90.40118974800004, 23.77101783200004], [90.40007113000007, 23.773331894000023], [90.40003547100008, 23.77334372400003]]]}}, {"type": "Feature", "properties": {"id": 198, "thana_id": 42, "name_en": "Tejgaon, Ward No-38 (Part)", "name_bn": "ওয়ার্ড ৩৮", "name_bn_verified": false, "division": "Dhaka", "district": "Dhaka", "upazila": "Tejgaon", "population": null, "source": "geoBoundaries gbOpen BGD ADM4", "source_id": "29066614B98735971651388"}, "geometry": {"type": "Polygon", "coordinates": [[[90.38899469800003, 23.764738269000077], [90.39409876500008, 23.766269269000077], [90.39578860500006, 23.76555830800004], [90.39605652200004, 23.767223218000026], [90.39713414600004, 23.773882109000056], [90.39786025200004, 23.77810454100006], [90.39782497500005, 23.77810970200005], [90.39410245600004, 23.776419877000023], [90.38990601400008, 23.775302339000064], [90.38899469800003, 23.764738269000077]]]}}, {"type": "Feature", "properties": {"id": 199, "thana_id": 42, "name_en": "Tejgaon, Ward No-39", "name_bn": "ওয়ার্ড ৩৯", "name_bn_verified": false, "division": "Dhaka", "district": "Dhaka", "upazila": "Tejgaon", "population": null, "source": "geoBoundaries gbOpen BGD ADM4", "source_id": "29066614B53252129476111"}, "geometry": {"type": "Polygon", "coordinates": [[[90.38898647000008, 23.764570886000058], [90.38997554100007, 23.758497255000066], [90.38736793100009, 23.751005426000063], [90.39321992300006, 23.74998151500006], [90.39412411500007, 23.747612540000034], [90.39869249100008, 23.75164991500003], [90.39414875200004, 23.75383895300007], [90.39578860500006, 23.76555830800004], [90.39409876500008, 23.766269269000077], [90.38899469800003, 23.764738269000077], [90.38898647000008, 23.764570886000058]]]}}, {"type": "Feature", "properties": {"id": 200, "thana_id": 42, "name_en": "Tejgaon, Ward No-40 (Part)", "name_bn": "ওয়ার্ড ৪০", "name_bn_verified": false, "division": "Dhaka", "district": "Dhaka", "upazila": "Tejgaon", "population": null, "source": "geoBoundaries gbOpen BGD ADM4", "source_id": "29066614B65327820375512"}, "geometry": {"type": "Polygon", "coordinates": [[[90.38329578800005, 23.765456461000042], [90.38395384000006, 23.75811168200005], [90.38997554100007, 23.758497255000066], [90.38898647000008, 23.764570886000058], [90.38329578800005, 23.765456461000042]]]}}, {"type": "Feature", "properties": {"id": 201, "thana_id": 44, "name_en": "Turag, Harirampur (Part)", "name_bn": null, "name_bn_verified": false, "division": "Dhaka", "district": "Dhaka", "upazila": "Turag", "population": null, "source": "geoBoundaries gbOpen BGD ADM4", "source_id": "29066614B30733148378014"}, "geometry": {"type": "Polygon", "coordinates": [[[90.35231737400005, 23.877964414000076], [90.35631804500008, 23.872651575000077], [90.35314283200006, 23.869312723000064], [90.35368819200005, 23.861416727000062], [90.35060630300006, 23.86025786700003], [90.34823266500007, 23.853034628000046], [90.34298320700003, 23.853879197000026], [90.33712449700005, 23.847918235000066], [90.34101202600004, 23.84339039200006], [90.33767998000008, 23.838656361000062], [90.33729148700007, 23.834151853000037], [90.33714360100004, 23.83196187300007], [90.34300200900003, 23.82466730400006], [90.34601781500004, 23.827625348000026], [90.34971486800004, 23.82522453400003], [90.35112370900003, 23.82788392300006], [90.35450348500007, 23.829156262000026], [90.35602082500003, 23.84321796200004], [90.35339700800006, 23.84568138800006], [90.35719537200004, 23.848313484000073], [90.36319206000007, 23.848606002000054], [90.36415250900006, 23.846594587000027], [90.36296666700008, 23.84480840200007], [90.36582673600003, 23.844371469000066], [90.36704391400008, 23.83634665200003], [90.37760215300005, 23.82977489700005], [90.37764843300005, 23.822866101000045], [90.38216552500006, 23.82287684100004], [90.38384997900005, 23.824970587000053], [90.38143899600004, 23.836326377000034], [90.38414202400008, 23.842823130000056], [90.38724804100008, 23.841721722000045], [90.38736259400008, 23.844346319000067], [90.39436893800007, 23.841516262000027], [90.39313171900005, 23.84682934600005], [90.38545016100005, 23.856865683000024], [90.38654919500004, 23.857577716000037], [90.37942342800005, 23.869160744000055], [90.37920589000004, 23.87245414700004], [90.37961191000005, 23.875275199000043], [90.38716915100008, 23.878605650000054], [90.38776327300008, 23.885475623000048], [90.38715633400005, 23.88698332200005], [90.38463579400008, 23.887211751000052], [90.38697735900007, 23.887719504000074], [90.38768497800004, 23.889598699000032], [90.38558649500004, 23.88961785400005], [90.38541474700008, 23.892797203000043], [90.38222983300005, 23.893041138000058], [90.38283925600007, 23.894913657000075], [90.38476376900007, 23.894900654000025], [90.38569363900007, 23.896067801000072], [90.38429433500005, 23.897361384000078], [90.37715303900006, 23.89804009100004], [90.37279514400007, 23.894798854000044], [90.36941125800007, 23.895553346000042], [90.36456805200004, 23.89282480600008], [90.36318066900003, 23.894299422000074], [90.35364907000007, 23.885856158000024], [90.35550040700008, 23.88444448200005], [90.35489336800003, 23.882090360000063], [90.35188468000007, 23.88191425800005], [90.35231737400005, 23.877964414000076]]]}}, {"type": "Feature", "properties": {"id": 202, "thana_id": 45, "name_en": "Uttar Khan, Uttar Khan", "name_bn": null, "name_bn_verified": false, "division": "Dhaka", "district": "Dhaka", "upazila": "Uttar Khan", "population": null, "source": "geoBoundaries gbOpen BGD ADM4", "source_id": "29066614B65870568835453"}, "geometry": {"type": "Polygon", "coordinates": [[[90.46407007400006, 23.84630177300005], [90.46561442600006, 23.853762088000053], [90.47086102200007, 23.858283662000076], [90.47164969300007, 23.86607690900007], [90.45960371900009, 23.87962353200004], [90.46156691600004, 23.88337089600003], [90.45966786700006, 23.884806526000034], [90.46075027100005, 23.893196827000054], [90.45780062000006, 23.896447100000046], [90.44985798600004, 23.89555862700007], [90.44616848800007, 23.898426314000062], [90.44251567400005, 23.898548826000024], [90.43820062800006, 23.901063418000035], [90.43649050700003, 23.899382812000056], [90.41897922500004, 23.88582372700006], [90.41631954000007, 23.886038307000035], [90.41520772500007, 23.882007242000043], [90.41835872600006, 23.880208613000036], [90.41903529800004, 23.87793288100005], [90.41380300700007, 23.870399942000063], [90.41616356300005, 23.868361864000065], [90.41559103200007, 23.870347141000025], [90.41922920200005, 23.872949320000032], [90.41894840800006, 23.867338172000075], [90.42238675600004, 23.863413818000026], [90.42800793700007, 23.864815812000074], [90.42977933200007, 23.867748084000027], [90.43395566200007, 23.865255300000058], [90.43720680000007, 23.86605619200003], [90.43427982600008, 23.86343098100008], [90.43844263900007, 23.856988718000025], [90.43933429700007, 23.860024434000024], [90.44373796400004, 23.859707532000073], [90.44801458100005, 23.854581151000048], [90.44729108600006, 23.852304281000045], [90.44898735100008, 23.849210846000062], [90.45392227100007, 23.848754365000048], [90.45855745500006, 23.846675619000052], [90.46407007400006, 23.84630177300005]]]}}, {"type": "Feature", "properties": {"id": 203, "thana_id": 46, "name_en": "Uttara, Ward No-01", "name_bn": "ওয়ার্ড ১", "name_bn_verified": false, "division": "Dhaka", "district": "Dhaka", "upazila": "Uttara", "population": null, "source": "geoBoundaries gbOpen BGD ADM4", "source_id": "29066614B45163668529800"}, "geometry": {"type": "Polygon", "coordinates": [[[90.40719500200004, 23.857920715000034], [90.40649298400007, 23.881967280000026], [90.39571533000009, 23.88015701000006], [90.39239331800007, 23.883587184000078], [90.39372958800004, 23.888360271000067], [90.39030377400007, 23.890501364000045], [90.39048714900008, 23.893646137000076], [90.38578874900008, 23.893385984000076], [90.38476376900007, 23.894900654000025], [90.38283925600007, 23.894913657000075], [90.38222983300005, 23.893041138000058], [90.38541474700008, 23.892797203000043], [90.38558649500004, 23.88961785400005], [90.38768497800004, 23.889598699000032], [90.38697735900007, 23.887719504000074], [90.38463579400008, 23.887211751000052], [90.38715633400005, 23.88698332200005], [90.38776327300008, 23.885475623000048], [90.38716915100008, 23.878605650000054], [90.37961191000005, 23.875275199000043], [90.37920589000004, 23.87245414700004], [90.37942342800005, 23.869160744000055], [90.38654919500004, 23.857577716000037], [90.39246690700008, 23.86126084800003], [90.39702234900005, 23.860863395000024], [90.40036882300006, 23.860711550000076], [90.40524347800005, 23.854492994000054], [90.40638803900003, 23.85367018900007], [90.40719500200004, 23.857920715000034]]]}}]}